{'elevation': 19.0, 'canting': 7.0, 'aspect_ratio_func': 'dsr_thurai_2007', 'K2': 0.9038123755741299, 'frequency': 35.5, 'n': (4.927401031202501+2.7338292434245637j), 'wl': 8.444857971830986, 'prefactor': 0.05438238468879906}
diameter[mm],radarXSh[mm2],radarXSv[mm2],extxs[mm2],ray[mm2],sKdp[mm2],aspect_ratio
0.01,5.438215952841212e-14,5.4382159528412583e-14,8.75212211683535e-08,5.4382384688799066e-14,1.2807527807522556e-23,1.0
0.02,3.4804139409063964e-12,3.480413940906426e-12,7.005607806472649e-07,3.4804726200831402e-12,0.0,1.0
0.03,3.96432490595798e-11,3.9643249059580146e-11,2.3665999193136022e-06,3.9644758438134505e-11,5.123011123009022e-22,1.0
0.04,2.2273517103308992e-10,2.2273517103309186e-10,5.617069717384873e-06,2.2275024768532097e-10,8.196817796814436e-22,1.0
0.05,8.496348971168623e-10,8.496348971168698e-10,1.0989373671620347e-05,8.497247607624856e-10,1.6393635593628872e-21,1.0
0.060000000000000005,2.5368783314798636e-09,2.536878331479885e-09,1.902893816314188e-05,2.5372645400406104e-09,0.0,1.0
0.06999999999999999,6.396708998611798e-09,6.396708998611853e-09,3.0291315422971815e-05,6.398033176252517e-09,3.2787271187257744e-21,1.0
0.08,1.4252167373415091e-08,1.425216737341521e-08,4.534430924315113e-05,1.4256015851860542e-08,3.2787271187257744e-21,1.0
0.09,2.88911769416749e-08,2.889117694167514e-08,6.477017701857995e-05,2.8901028901400052e-08,9.836181356177324e-21,1.0
0.09999999999999999,5.435954641718129e-08,5.4359546417181765e-08,8.916783757884097e-05,5.4382384688799034e-08,0.0,1.0
0.11,9.62929001673707e-08,9.629290016737154e-08,0.00011915517137922369,9.634171180167355e-08,0.0,1.0
0.12,1.6228733373106055e-07,1.6228733373106193e-07,0.00015537136435516059,1.6238493056259893e-07,1.3114908474903098e-20,1.0
0.13,2.6230888559584644e-07,2.623088855958486e-07,0.00019847931019040051,2.624933838573576e-07,1.3114908474903098e-20,1.0
0.14,4.091416857677488e-07,4.091416857677523e-07,0.00024916806487693577,4.0947412328016155e-07,0.0,1.0
0.15000000000000002,6.188745540470126e-07,6.188745540470177e-07,0.00030815537726538707,6.194493505958523e-07,1.3114908474903098e-20,1.0
0.16,9.114264393025252e-07,9.114264393025331e-07,0.00037619032054262737,9.123850145190747e-07,2.6229816949806195e-20,1.0
0.17,1.3111098038651428e-06,1.311109803865154e-06,0.0004540559053568894,1.3126585628104314e-06,5.245963389961239e-20,1.0
0.18000000000000002,1.847233079286615e-06,1.8472330792866303e-06,0.0005425719574081362,1.8496658496896053e-06,5.245963389961239e-20,1.0
0.19,2.5547411621625874e-06,2.5547411621626095e-06,0.0006425977926135458,2.5584671985654626e-06,5.245963389961239e-20,1.0
0.2,3.4748933699274112e-06,3.4748933699274405e-06,0.0007550351918216373,3.480472620083141e-06,0.0,1.0
0.21000000000000002,4.65598221257534e-06,4.6559822125753796e-06,0.0008808315950834799,4.66416618548809e-06,0.0,1.0
0.22,6.1540865993291895e-06,6.15408659932924e-06,0.001020982887654505,6.165869555307107e-06,5.245963389961239e-20,1.0
0.23,8.033866368165195e-06,8.033866368165262e-06,0.0011765368780852648,8.050544663346359e-06,5.245963389961239e-20,1.0
0.24000000000000002,1.0369396994466852e-05,1.0369396994466941e-05,0.0013485964907388012,1.039263555600634e-05,1.0491926779922478e-19,1.0
0.25,1.3245034305519415e-05,1.3245034305519532e-05,0.0015383228941718082,1.3276949386913833e-05,2.0983853559844956e-19,1.0
0.26,1.6756331350581176e-05,1.675633135058132e-05,0.0017469397762719312,1.6799576566870886e-05,1.0491926779922478e-19,1.0
0.27,2.1010975915235008e-05,2.1010975915235187e-05,0.0019757359948579176,2.106885006912065e-05,1.0491926779922478e-19,1.0
0.28,2.6129790467074212e-05,2.6129790467074446e-05,0.002226070057028547,2.620634388993034e-05,0.0,1.0
0.29000000000000004,3.224774185624731e-05,3.224774185624757e-05,0.0024993737099649714,3.234791066449103e-05,2.0983853559844956e-19,1.0
0.3,3.951502992819873e-05,3.951502992819906e-05,0.002797155795094841,3.96447584381345e-05,2.0983853559844956e-19,1.0
0.31,4.809816415691245e-05,4.809816415691285e-05,0.003121006292489799,4.8264566592867205e-05,0.0,1.0
0.32,5.818113603390745e-05,5.818113603390794e-05,0.003472601276715215,5.839264092922078e-05,2.0983853559844956e-19,1.0
0.33,6.996660251748632e-05,6.996660251748691e-05,0.003853706314442519,7.023310790342003e-05,0.0,1.0
0.34,8.367709133400353e-05,8.367709133400426e-05,0.004266181270466819,8.401014801986761e-05,2.0983853559844956e-19,1.0
0.35000000000000003,9.955629405232426e-05,9.955629405232511e-05,0.004711985579897424,9.99692683789457e-05,4.196770711968991e-19,1.0
0.36000000000000004,0.00011787038826814028,0.00011787038826814125,0.005193181235111638,0.00011837861438013474,6.295156067953487e-19,1.0
0.37,0.00013890941944037742,0.0001389094194403786,0.0057119404118632705,0.00013953032058044897,6.295156067953487e-19,1.0
0.38,0.000162988586768342,0.00016298858676834342,0.006270548244826667,0.0001637419007081896,2.0983853559844956e-19,1.0
0.39,0.00019044990555442353,0.00019044990555442515,0.006871408572470448,0.00019135767683201366,4.196770711968991e-19,1.0
0.4,0.00022166353420418876,0.0002216635342041907,0.007517049375635857,0.00022275024768532103,0.0,1.0
0.41000000000000003,0.00025702934898645853,0.00025702934898646075,0.008210128777302043,0.000258321996145958,0.0,1.0
0.42000000000000004,0.0002969787315646513,0.00029697873156465384,0.0089534398044745,0.00029850663587123775,8.393541423937982e-19,1.0
0.43,0.00034197591201492176,0.00034197591201492474,0.00974991639721461,0.0003437707970882777,-4.196770711968991e-19,1.0
0.44,0.00039252004233097454,0.0003925200423309779,0.01060263977893673,0.00039461565153965487,0.0,1.0
0.45,0.00044914682394756576,0.00044914682394756966,0.01151484398046809,0.000451578576584376,8.393541423937982e-19,1.0
0.46,0.0005124301230890524,0.0005124301230890569,0.012489920609781031,0.000515234858454167,8.393541423937982e-19,1.0
0.47000000000000003,0.0005829845247952463,0.0005829845247952514,0.013531428084917831,0.0005861994346650779,8.393541423937982e-19,1.0
0.48000000000000004,0.0006614664336113853,0.0006614664336113912,0.014643096426766677,0.0006651286755844058,8.393541423937982e-19,1.0
0.49,0.0007485770537324522,0.0007485770537324587,0.01582883277334439,0.0007527222051529327,0.0,1.0
0.5,0.0008450639047162662,0.0008450639047162736,0.017092729891720938,0.0008497247607624853,8.393541423937982e-19,1.0
0.51,0.0009517233964468846,0.000951723396446893,0.01843907047136168,0.0009569280922888041,1.6787082847875965e-18,1.0
0.52,0.0010694030694805333,0.0010694030694805424,0.019872336131216497,0.0010751729002797367,1.6787082847875965e-18,1.0
0.53,0.0011990036904583976,0.0011990036904584082,0.02139721247210796,0.001205350813298743,8.393541423937982e-19,1.0
0.54,0.0013414825425391592,0.001341482542539171,0.02301859856850565,0.0013484064044237216,8.393541423937982e-19,1.0
0.55,0.001497855432260645,0.0014978554322606585,0.024741610067203358,0.00150533924690115,1.6787082847875965e-18,1.0
0.56,0.0016691996722561133,0.0016691996722561283,0.026571589679077263,0.0016772060089555417,0.0,1.0
0.5700000000000001,0.00185665725148047,0.0018566572514804862,0.02851410926665016,0.0018651225877542234,1.6787082847875965e-18,1.0
0.5800000000000001,0.002061437674594371,0.002061437674594389,0.030574984842258925,0.002070266282527426,0.0,1.0
0.59,0.0022848208253259273,0.0022848208253259472,0.032760274684424856,0.0022938780068436915,2.518062427181395e-18,1.0
0.6,0.0025281609412511567,0.0025281609412511788,0.03507628838686401,0.002537264540040608,8.393541423937982e-19,1.0
0.61,0.0027928901945934214,0.0027928901945934457,0.037529597873358085,0.0028018008178108417,0.0,1.0
0.62,0.0030805225496585357,0.0030805225496585626,0.04012704053954912,0.003088932261943501,0.0,1.0
0.63,0.0033926554305969614,0.0033926554305969913,0.0428757213295258,0.003400177149220816,1.6787082847875965e-18,1.0
0.64,0.003730978309953267,0.0037309783099533,0.04578302776818459,0.00373712901947013,0.0,1.0
0.65,0.004097274377095124,0.00409727437709516,0.04885662713130172,0.004101459122771212,-1.6787082847875965e-18,1.0
0.66,0.004493423236533204,0.004493423236533245,0.05210447947506488,0.004494918905818882,1.6787082847875965e-18,1.0
0.67,0.004921411059998156,0.0049214110599982005,0.05553482989639161,0.004919342537440961,3.357416569575193e-18,1.0
0.68,0.005383331468298893,0.00538333146829894,0.05915622846418117,0.005376649473271527,5.03612485436279e-18,1.0
0.6900000000000001,0.005881391933576182,0.005881391933576233,0.06297753244791376,0.005868847059579497,3.357416569575193e-18,1.0
0.7000000000000001,0.006444790972532485,0.006370366672013406,0.06726197865125115,0.006398033176252525,6.5021370451502e-05,0.9944380500000001
0.7100000000000001,0.007028021122430191,0.006937618251010491,0.07155728662001598,0.006966398918936208,7.563815561923654e-05,0.9938143084150001
0.72,0.007655372477282089,0.007547315533448424,0.07608386859327859,0.007576231320328615,8.662202522957648e-05,0.9932232806400001
0.73,0.008329609720403097,0.008202120863020966,0.08085188775778893,0.008229916110630165,9.796142234566676e-05,0.9926640306150001
0.74,0.009053650681142677,0.008904842889102996,0.08587180896000639,0.008929940517148734,0.00010964693628074231,0.9921356202399999
0.75,0.009830567432255497,0.009658443505659357,0.09115441005300999,0.009678896103060185,0.0001216665475419014,0.991637109375
0.76,0.01066359670896114,0.010466047953089202,0.09671078387506389,0.010479481645324135,0.00013400662004113605,0.99116755584
0.77,0.011556152912139985,0.01133094926197817,0.10255231605375384,0.011334506051755093,0.00014665708611147016,0.990726015415
0.78,0.012511828089502745,0.01225661996589602,0.10869069975938854,0.012246891317248874,0.00015960390481193672,0.9903115418399999
0.79,0.013534417540307717,0.013246727828831217,0.11513792816942628,0.013219675519164356,0.0001728350888403342,0.989923186815
0.8,0.014627908259923826,0.014305131991587526,0.12190628082662912,0.014256015851860546,0.0001863361604497734,0.9895600000000001
0.81,0.01579651589892083,0.015435910396266437,0.12900832334378834,0.015359191700388955,0.00020009559577898183,0.9892210290150001
0.8200000000000001,0.017044671633012005,0.01664335444047201,0.13645689585856488,0.01653260775334131,0.00021410011545153546,0.9889053194399999
0.8300000000000001,0.018377057249853963,0.017931995002225365,0.14426509501573975,0.01777979715485256,0.00022833933682011177,0.9886119148149999
0.8400000000000001,0.019798594382316983,0.01930660661877267,0.15244628747320746,0.019104424695759216,0.00024279809477169786,0.9883398566399999
0.85,0.021314482973691738,0.020772224250485638,0.16101406340704263,0.020510290043912978,0.00025746732766762133,0.988088184375
0.86,0.022930193813372194,0.02233415688096037,0.1699822657702161,0.02200133101364977,0.0002723329826381819,0.98785593544
0.87,0.024651502206048056,0.02399799516296905,0.17936490236758743,0.023581626874413945,0.00028738884364075726,0.987642145215
0.88,0.026484489026690743,0.02576963402504178,0.18917623056107638,0.025255401698537912,0.000302625269117393,0.98744584704
0.89,0.02843556418323897,0.02765529007713005,0.19943061838377935,0.027027027748177078,0.0003180325859905975,0.9872660722150002
0.9,0.030511484293341263,0.02966150703564978,0.2101426500680547,0.028901028901400064,0.00033360566510986974,0.9871018500000002
0.91,0.03271936132813858,0.03179516984181907,0.22132698394907813,0.03088208411743426,0.00034934065300758405,0.986952207615
0.92,0.035066694521197254,0.0340635445094356,0.23299842588678,0.032975030941066685,0.0003652321984808086,0.9868161702400001
0.93,0.03756138029346559,0.03647427047030175,0.24517184307446713,0.035184869046200204,0.0003812794336645955,0.9866927610150001
0.9400000000000001,0.0402117314520934,0.039035381300408865,0.25786216649513577,0.03751676381856499,0.00039748432223577027,0.9865810010400001
0.9500000000000001,0.04302650776222488,0.04175533884921128,0.27108434055483105,0.03997604997758537,0.00041385048402818635,0.9864799093750001
0.9600000000000001,0.04601490967480463,0.044643029474819025,0.2848533440124245,0.04256823523740197,0.000430381221118754,0.9863885030400001
0.97,0.049186642896822105,0.04770779817592723,0.2991840799106131,0.045299004007049094,0.0004470890875383214,0.9863057970150001
0.98,0.052551871558923546,0.05095944298741527,0.31409143504792164,0.04817422112978769,0.00046398179906480995,0.98623080424
0.99,0.05612132631681749,0.0544082809519119,0.3295901954791624,0.05119993566159319,0.0004810746284890579,0.986162535615
1.0,0.059906262772713666,0.058065107516894726,0.3456950195222302,0.05438238468879906,0.00049838887953942,0.9861000000000001
1.01,0.06391847344093957,0.061941248993552064,0.3624203926002891,0.0577279971848955,0.0005159393393731476,0.986042204215
1.02,0.06817037350418273,0.06604855605871904,0.37978069549155125,0.06124339790648346,0.0005337591218496327,0.98598815304
1.03,0.07267495800282638,0.07039944626581535,0.3977900199940392,0.06493541132838405,0.0005518749442709531,0.9859368492149999
1.04,0.07744586319819055,0.07500691582146755,0.41646230188059885,0.06881106561790315,0.0005703191647156888,0.98588729344
1.05,0.08249734279706797,0.07988449842689556,0.43581115046909163,0.07287759664825139,0.000589133145463037,0.9858384843750001
1.06,0.08784434830226481,0.08504637590366694,0.455849906650161,0.07714245205111955,0.000608357688524789,0.9857894186399999
1.07,0.09350248723968327,0.09050727975762464,0.47659165115282637,0.0816132953084091,0.0006280454428509025,0.985739090815
1.08,0.09948805585169225,0.09628258274174771,0.49804907303912627,0.08629800988311818,0.0006482452321077547,0.98568649344
1.09,0.10581812225064917,0.10238829303728555,0.5202346183761712,0.09120470338938284,0.0006690208395452055,0.985630617015
1.1,0.11251039289981546,0.10884099799841919,0.5431602235978843,0.0963417118016736,0.0006904319699113568,0.98557045
1.11,0.11958341402466423,0.11565793583085784,0.5668376016959649,0.10171760370314736,0.0007125590971604261,0.985504978815
1.12,0.12705641239696827,0.12285699586242502,0.5912780884936142,0.10734118457315467,0.000735469307500546,0.9854331878400002
1.1300000000000001,0.1349494292219964,0.130456639539377,0.6164925619396484,0.11322150111390213,0.0007592565809418259,0.9853540594150003
1.1400000000000001,0.14328324257833558,0.1384760000886975,0.6424916375538214,0.1193678456162703,0.000784004140196907,0.9852665738400002
1.1500000000000001,0.1520794056617001,0.14693476550748633,0.6692855213666303,0.12578976036478692,0.0008098125650143,0.9851697093749999
1.1600000000000001,0.16136030070132668,0.15585328013402092,0.696884109601458,0.13249704208175525,0.0008367870286869031,0.9850624422400003
1.17,0.17114907936718465,0.16525242058349554,0.7252969738375605,0.13949974641053786,0.0008650468946697666,0.9849437466150002
1.18,0.18146962374886638,0.17515368556240093,0.7545334104472056,0.14680819243799625,0.0008947004545874878,0.98481259464
1.19,0.19234667348964546,0.18557904614951007,0.7846024560362549,0.15443296725608435,0.0009258878802531754,0.9846679564149999
1.2,0.20380569206439253,0.19655105978470788,0.8155129094506132,0.16238493056259892,0.0009587385560542218,0.9845088000000001
1.21,0.21587293133023672,0.20809274104948097,0.8472734590654875,0.17067521930108456,0.0009933980813309894,0.984334091415
1.22,0.22857542358920238,0.22022753168599538,0.8798925343925682,0.17931525233989387,0.0010300289969824529,0.9841427946400002
1.23,0.24194095704144067,0.23297934637716383,0.913378701152118,0.1883167351904033,0.001068793806197372,0.9839338716150001
1.24,0.25599795447769125,0.24637247305484947,0.9477403079678417,0.19769166476438407,0.0011098534389836058,0.9837062822400001
1.25,0.2707756672197572,0.26043144010885927,0.9829858439096243,0.20745233417052864,0.001153406464685851,0.9834589843749999
1.26,0.28630400972757425,0.27518120551473607,1.0191239753596457,0.21761133755013223,0.0011996362526113837,0.9831909338400001
1.27,0.30261353746614267,0.2906468882865234,1.0561634279211525,0.22818157495192978,0.0012487421817011049,0.9829010844150002
1.28,0.31973554588590786,0.30685378023254156,1.0941132461909278,0.23917625724608832,0.0013009457803405768,0.98258838784
1.29,0.3377018058977024,0.3238272571778182,1.1329828583862434,0.2506089110773545,0.0013564666445439943,0.9822517938149999
1.3,0.3565448627308446,0.3415928148164636,1.1727820835121237,0.26249338385735754,0.001415544047868302,0.9818902499999999
1.31,0.3762977543167694,0.3601759972138191,1.2135212222194331,0.27484384879606744,0.001478416225172983,0.9815027020150001
1.32,0.3969939885879051,0.3796021762002003,1.2552111060652125,0.28767480997240846,0.0015453370435024524,0.9810880934400001
1.33,0.4186677041708803,0.39989659514813986,1.2978633396212411,0.3010011074440282,0.0016165812132647693,0.980645365815
1.34,0.441353474543735,0.42108431281299513,1.3414900369549405,0.3148379223962215,0.001692426435754698,0.9801734586399999
1.35,0.46508632000999717,0.4431900734479691,1.3861043805264823,0.3292007823300102,0.0017731667044477662,0.9796713093750001
1.36,0.48990162999980497,0.46623835512603024,1.4317201741818995,0.3441055662893777,0.0018590922021054159,0.9791378534400004
1.37,0.5158351884542102,0.49025300272169564,1.4783524760924722,0.3595685101276594,0.001950527724906099,0.9785720242150001
1.3800000000000001,0.542923176390782,0.515257579964074,1.5260170289239603,0.3756062118130878,0.0020477861125056895,0.9779727530399999
1.3900000000000001,0.5712019532399675,0.5412747953190766,1.5747307953583745,0.3922356367734936,0.0021512108395474712,0.9773389692150002
1.4000000000000001,0.6007082092654894,0.568326874980804,1.6245118745646205,0.4094741232801616,0.0022611403207938147,0.9766696
1.4100000000000001,0.6314788639091158,0.5964352373969941,1.675379529324127,0.42733938787084186,0.002377927623186365,0.9759635706149999
1.42,0.6635510999914056,0.6256202492176983,1.727354245594802,0.4458495308119168,0.0025019585238912883,0.9752198042400002
1.43,0.6969620095426673,0.6559016208881235,1.78045775771533,0.46502304159972396,0.0026335840773323467,0.9744372220149999
1.44,0.7317488948247189,0.6872979095050002,1.8347129929432466,0.4848788045010314,0.002773191273226925,0.9736147430400003
1.45,0.7679493434332775,0.719826502250529,1.890144334817108,0.5054361041326718,0.002921189783137387,0.9727512843750001
1.46,0.8056006605256876,0.753503681026435,1.94677747787626,0.5267146310803306,0.00307796750801881,0.9718457610400001
1.47,0.844740196085037,0.7883444404726928,2.004639357732257,0.5487344875564879,0.003243927135367144,0.9708970860149999
1.48,0.885405403196545,0.8243623898259024,2.063758276244689,0.571516193097519,0.0034194912905143537,0.96990417024
1.49,0.9276334533450237,0.8615695901305674,2.1241638630986417,0.5950806902999468,0.0036050738058149958,0.968865922615
1.5,0.9741751942487977,0.8957125103796677,2.190308253663782,0.6194493505958518,0.004170700983030131,0.9646504406249999
1.51,1.0193700092716433,0.9357537320490147,2.252891198838176,0.6446439800674363,0.004332320522738078,0.9639518083123905
1.52,1.0661612087982586,0.9771318461694523,2.3167489862055084,0.6706868253007446,0.004497396071561143,0.9632529599508479
1.53,1.1145764764951411,1.0198660475326076,2.3819058598019884,0.6976005792785382,0.004665891582822965,0.9625538986474304
1.54,1.1646427891788524,1.0639750182970378,2.4483865741368094,0.7254083873123259,0.004837731081654492,0.961854627499368
1.55,1.216385339883536,1.1094759280656636,2.5162160426184017,0.7541338530135502,0.005012835603811661,0.9611551495940623
1.56,1.269828930439932,1.156385621003599,2.5854197147552296,0.7838010443039279,0.005191087092559153,0.9604554680090879
1.57,1.3249971935094187,1.2047192632585522,2.656023010772919,0.8144344994649472,0.005372414466418797,0.9597555858121904
1.58,1.3819123001941505,1.2544911150100604,2.728051343813916,0.8460592332265188,0.005556685059574441,0.959055506061288
1.59,1.4405956008288554,1.305714824623287,2.8015303470515485,0.8787007428947837,0.0057437584304642665,0.9583552318044705
1.6,1.501066482237928,1.3584020900276768,2.876485361599151,0.9123850145190749,0.005933493367852493,0.95765476608
1.61,1.563343761094585,1.4125640941080375,2.9529416440800786,0.947138529098036,0.006125730632735051,0.9569541119163105
1.62,1.6274441550708407,1.46821011365309,3.0309234937132357,0.9829882688248931,0.006320294432463255,0.9562532723320079
1.6300000000000001,1.6933832685916057,1.5253488535869475,3.110455505354256,1.0199617233718847,0.006516989717433786,0.9555522503358704
1.6400000000000001,1.7611748142226316,1.5839873416861827,3.1915612611636077,1.0580868962138439,0.006715605735850734,0.9548510489268479
1.6500000000000001,1.830830967349957,1.6441307756408943,3.2742636639805967,1.0973923109909385,0.0069159351778567855,0.9541496710940625
1.6600000000000001,1.902362630639891,1.7057839533093757,3.3585848552670683,1.137907017910564,0.007117741873477268,0.953448119816808
1.6700000000000002,1.9757781565858195,1.7689496925535353,3.4445458910677837,1.1796606001883954,0.007320760602295138,0.9527463980645504
1.68,2.051085122635784,1.8336295590261846,3.532167172241998,1.222683180528589,0.007524747658645874,0.952044508796928
1.69,2.128288724917207,1.899823545730321,3.621467451964328,1.2670054276431475,0.007729416172382765,0.9513424549637505
1.7,2.207391734593056,1.967529959404694,3.712464746003523,1.3126585628104306,0.007934483481578793,0.950640239505
1.71,2.2883959039405446,2.036746403341541,3.805175067286234,1.3596743664728277,0.008139621413313205,0.9499378653508304
1.72,2.371300257103914,2.107467993705693,3.899613961010312,1.4080851848735854,0.008344527868112423,0.9492353354215678
1.73,2.4561028947533945,2.1796891790145425,3.99579431152421,1.4579239367327874,0.008548878656644771,0.9485326526277104
1.74,2.542798596098149,2.2534021200339023,4.093728719196835,1.5092241199624925,0.008752334798343238,0.9478298198699279
1.75,2.6313804517811628,2.3285982121417006,4.193426600891014,1.5620198184210254,0.008954508279971109,0.9471268400390624
1.76,2.7218401972024635,2.4052672015248273,4.29489696359006,1.6163457087064264,0.009155059442589661,0.946423716016128
1.77,2.814166402348907,2.4833963918319424,4.398146073894604,1.6722370669890514,0.009353618392896078,0.9457204506723105
1.78,2.9083460356270003,2.562972847820083,4.503179244771008,1.729729775883333,0.00954978122078201,0.945017046868968
1.79,3.0043639605789703,2.643981528102792,4.609998916784149,1.7888603313586913,0.009743149755245992,0.9443135074576305
1.8,3.1022027347900685,2.726405859935357,4.718606127108931,1.8496658496896041,0.009933344121843348,0.9436098352799998
1.81,3.201842783556093,2.8102274103471645,4.82900011518379,1.912184074444831,0.010119952903560329,0.9429060331679504
1.82,3.303262738645657,2.895427510307155,4.941177429175621,1.9764533835157927,0.010302556348943405,0.942202103943528
1.83,3.4064381871375566,2.9819851683353735,5.055133235502012,2.0425127961841043,0.010480718915070825,0.9414980504189505
1.84,3.511343599069336,3.0698778050050914,5.170860676767077,2.110401980228268,0.010654041496487328,0.940793875396608
1.85,3.617950970939677,3.1590819920226303,5.288350442041188,2.180161259069516,0.010822092443794984,0.9400895816690624
1.86,3.726229995747262,3.249572876790552,5.40759144096516,2.251831618956813,0.010984427758384756,0.9393851720190479
1.87,3.836148736010685,3.341324139455221,5.528570743589191,2.32545471619101,0.011140636845618848,0.9386806492194704
1.8800000000000001,3.947673599463143,3.4343085398516244,5.651273491410447,2.4010728843881592,0.011290287663678737,0.9379760160334079
1.8900000000000001,4.060767639329683,3.528496919722096,5.775682097386137,2.4787291417819755,0.01143295179488614,0.9372712752141104
1.9000000000000001,4.175393980801819,3.6238596799526146,5.901778241794533,2.558467198565464,0.011568212962326048,0.9365664295049999
1.9100000000000001,4.291511768325293,3.720365468268308,6.029541049918822,2.640331464271692,0.011695632082873197,0.9358614816396705
1.9200000000000002,4.409080653137002,3.817982649473217,6.158947797651845,2.724367055193726,0.011814817022160739,0.935156434341888
1.93,4.528056815052017,3.9166778891564715,6.289974298010856,2.810619801843715,0.011925340616832387,0.9344512903255905
1.94,4.648395560398103,4.016417088468028,6.422595106685451,2.899136256451142,0.012026806354849052,0.9337460522948879
1.95,4.77004978933747,4.11716519269009,6.556781665548213,2.9899637005002124,0.012118808555405721,0.9330407229440625
1.96,4.892972584706781,4.21888601435014,6.69250606064977,3.083150152306412,0.012200983151720808,0.9323353049575679
1.97,5.0171136148821684,4.321542754350362,6.829736422590703,3.178744374632219,0.012272949246868083,0.9316298010100305
1.98,5.142422966089675,4.4250983071410115,6.968441621503115,3.2767958823419643,0.012334334693781653,0.930924213766248
1.99,5.268848224698627,4.529513877896384,7.108588119214661,3.3773549500958526,0.012384795024351913,0.9302185458811905
2.0,5.396335174504103,4.634750523639447,7.250141189042612,3.4804726200831397,0.012423972256525173,0.9295128
2.01,5.524830686991788,4.740768665250941,7.393065813671918,3.5862007097944573,0.012451554336512237,0.9288069787579906
2.02,5.65427787666998,4.847528617350716,7.537324826914936,3.694591819833312,0.012467197013005776,0.9281010847806479
2.03,5.7846213918530776,4.954988683882264,7.682880737970615,3.8056993417667,0.012470635810300865,0.9273951206836304
2.04,5.915803622950991,5.0631081000891855,7.829694751654525,3.9195774660149416,0.012461590927586455,0.926689089072768
2.05,6.047766465039512,5.1718456087830065,7.9777281882002535,4.036281189780589,0.012439753906505728,0.9259829925440624
2.0599999999999996,6.180450297574272,5.281158247245872,8.12694019730785,4.155866325016574,0.012404913747336634,0.9252768336836881
2.07,6.313796059413593,5.391004537127277,8.27729066548071,4.278389506433449,0.012356806883818133,0.9245706150679905
2.0799999999999996,6.447742928641111,5.501341329041648,8.428738147146895,4.403908199545795,0.012295212798542062,0.9238643392634879
2.09,6.582230557540111,5.612124642077531,8.581241817844344,4.532480708757828,0.012219963087014573,0.9231580088268704
2.0999999999999996,6.717198224886082,5.723313053088213,8.734758814476306,4.6641661854880825,0.0121308405012663,0.922451626305
2.11,6.85258398420384,5.834862764647971,8.889247689127728,4.799024636333346,0.01202767991265102,0.9217451942349105
2.1199999999999997,6.988324278078449,5.9467288646915595,9.044665556666233,4.937116931271645,0.011910311146777371,0.9210387151438079
2.13,7.124359507718706,6.058868466602171,9.200970045568084,5.07850481190449,0.011778672380704722,0.9203321915490705
2.1399999999999997,7.260625545173417,6.171238200036674,9.358118834653233,5.223250899738177,0.011632575678926602,0.9196256259582479
2.15,7.397060721072735,6.28379406156163,9.516069348461748,5.371418704504339,0.011471956865482894,0.9189190208690624
2.1599999999999997,7.533601084886139,6.396491163493731,9.674778838559138,5.523072632519558,0.011296719330857576,0.918212378769408
2.17,7.670186196397427,6.509286121163231,9.834204897718422,5.678277995084232,0.011106851770172638,0.9175057021373505
2.1799999999999997,7.8067512930435266,6.622135046799879,9.99430555747186,5.837101016920495,0.010902238461030448,0.9167989934411279
2.19,7.943234889701354,6.734995047652122,10.155038963636747,5.99960884464939,0.010682868525350532,0.9160922551391505
2.1999999999999997,8.07957507846977,6.847820851486615,10.31636398889824,6.165869555307102,0.01044877489153418,0.91538548968
2.21,8.215708683269366,6.9605686863043434,10.478239084415808,6.335952164900452,0.010199946614789616,0.9146786995024304
2.2199999999999998,8.351573469507276,7.073195846159918,10.640623052897814,6.509926637001423,0.009936354599836088,0.913971887035368
2.23,8.487108575227623,7.185658250429594,10.8034765675825,6.687863891380978,0.009658093552086413,0.9132650546979104
2.2399999999999998,8.622252791315857,7.29791303682403,10.966758888758983,6.869835812681891,0.00936518619158989,0.9125582048993279
2.25,8.756943795653656,7.409915748899501,11.130431277655857,7.055915259130874,0.009057727332891546,0.9118513400390624
2.26,8.891121333574434,7.521624543955382,11.29445453035036,7.246176071289727,0.00873576225375068,0.911144462506728
2.27,9.024724162873747,7.6329959228479725,11.458790195898311,7.440693080845767,0.008399393066381256,0.9104375746821105
2.28,9.157693337448507,7.743986046972829,11.6234022469831,7.63954211944129,0.008048753505684004,0.9097306789351679
2.29,9.289969839046599,7.854553697930907,11.788252145660902,7.842800027542316,0.007683972874227575,0.9090237776260305
2.3,9.421494313176838,7.96465644625489,11.953304394161151,8.050544663346354,0.007305172242342642,0.9083168731049999
2.31,9.552206664445766,8.074251089968314,12.118522514750016,8.262854911729463,0.00691250566801386,0.9076099677125504
2.32,9.682050639816483,8.183297349889395,12.283873719848625,8.479810693232327,0.006506096759782967,0.906903063779328
2.3299999999999996,9.810967808513869,8.291751539576218,12.449320718286678,8.70149297308562,0.0060861863881785236,0.9061961636261505
2.34,9.93890263046079,8.3995738795077,12.614833036345804,8.927983770274423,0.005652899669842331,0.905489269564008
2.3499999999999996,10.065797858423283,8.50672250083541,12.78037691044648,9.15936616664183,0.00520646567507476,0.9047823838940625
2.36,10.191596473092277,8.613156207077399,12.945919179581805,9.39572431603176,0.0047470790314863036,0.904075508907648
2.3699999999999997,10.316246052957728,8.718835364057949,13.111430427323953,9.637143453470804,0.004274948094410454,0.9033686468862705
2.38,10.43969046012884,8.82371801245566,13.276878227662438,9.883709904389399,0.003790314511244768,0.902661800101608
2.3899999999999997,10.561877440345887,8.9277661268708,13.442235065479071,10.13551109388195,0.0032933710637405335,0.9019549708155105
2.4,10.682752580818013,9.030938822834212,13.607470928018143,10.392635556006331,0.002784394904847356,0.90124816128
2.4099999999999997,10.802264662762347,9.133196531172983,13.772557524433871,10.655172943122325,0.0022636346828172004,0.9005413737372705
2.42,10.920361615087801,9.234500487532248,13.937468409034777,10.923214035269412,0.0017313335281982092,0.8998346104196879
2.4299999999999997,11.036993045910931,9.334812718756593,14.102175480734676,11.196850749583536,0.0011877543770037874,0.8991278735497905
2.44,11.15210788907275,9.434094709989624,14.2666543582404,11.476176149753208,0.0006331385816145699,0.8984211653402879
2.4499999999999997,11.26565781240725,9.532307018821314,14.430880312463946,11.761284455514566,6.781688724651807e-05,0.8977144879940625
2.46,11.377595328099197,9.629414023453768,14.594828869691593,12.05227105218581,-0.0005079546650560839,0.897007843704168
2.4699999999999998,11.487870026923787,9.725377927314577,14.758474955788097,12.349232500240554,-0.0010939125700032608,0.8963012346538305
2.48,11.596437673301876,9.820160623912779,14.921798871101899,12.65226654492058,-0.0016897216957571226,0.895594663016448
2.4899999999999998,11.703251172395827,9.913727277434756,15.084777279275498,12.961472125887504,-0.002295100058053222,0.8948881309555904
2.5,11.808263938515879,10.006041844569067,15.247388467479205,13.276949386913833,-0.0029097954460484505,0.8941816406249999
2.51,11.91143438582626,10.097068725015996,15.409614275965556,13.598799685612946,-0.003533447020249401,0.8934751941685904
2.52,12.012716714485617,10.18677296026345,15.57143408533495,13.927125603208463,-0.004165798770115584,0.8927687937204479
2.53,12.112068881385897,10.27511939096591,15.732828711006906,14.26203095434253,-0.00480649004145312,0.8920624414048304
2.54,12.209449451018173,10.362075277469645,15.893781941323143,14.603620796923506,-0.005455235839967297,0.8913561393361681
2.55,12.304818277046271,10.447605756458726,16.054275726962803,14.952001442012556,-0.006111699227484505,0.8906498896190623
2.56,12.39813428041831,10.531677013336724,16.2142943495817,15.307280463749652,-0.006775590646687771,0.8899436943482879
2.57,12.489358369127569,10.614259721664013,16.373822465671292,15.669566709318467,-0.007446624374019381,0.8892375556087904
2.5799999999999996,12.578454059798467,10.695318171281716,16.53284514699617,16.03897030895067,-0.008124410412681285,0.888531475475688
2.59,12.665383512028727,10.774823373220533,16.691349442000664,16.415602685969237,-0.008808653324697692,0.8878254560142704
2.5999999999999996,12.750108174429824,10.852743133302594,16.84932053260881,16.79957656687087,-0.009499043166234103,0.88711949928
2.61,12.832594112123319,10.929048214006807,17.00674731374712,17.19100599144776,-0.010195289400334344,0.8864136073185105
2.6199999999999997,12.91280887738923,11.003707745920718,17.163618344879495,17.590006322948295,-0.010897019053234685,0.885707782165608
2.63,12.99071782529898,11.07669413148434,17.31992370954701,17.99669425827712,-0.011603948946577168,0.8850020258472705
2.6399999999999997,13.066473712864743,11.148307608629104,17.475646464456652,18.411187838234124,-0.012309847318239196,0.8842963403796479
2.65,13.139687239084964,11.217881557112714,17.63078867241853,18.83360645779285,-0.013025842161556259,0.8835907277690624
2.6599999999999997,13.210500896082188,11.28569874663138,17.785337118358264,19.264070876417787,-0.01374603850840696,0.8828851900120079
2.67,13.278884635993233,11.351731940033746,17.939283439413572,19.702703228421086,-0.014470179782785095,0.8821797290951504
2.6799999999999997,13.34481243680424,11.415955297735474,18.092622526990848,20.149627033358158,-0.01519785042753795,0.8814743469953279
2.69,13.408254602410794,11.478344382430022,18.245347090386463,20.604967206462707,-0.015928834576789067,0.8807690456795504
2.6999999999999997,13.469186142619328,11.538873315327878,18.397451850098726,21.06885006912063,-0.016662749547397788,0.880063827105
2.71,13.52757898023335,11.597519091607888,18.54893239741043,21.54140335938338,-0.017399354186599807,0.8793586932190304
2.7199999999999998,13.583411240466345,11.654256385979345,18.699785490203052,22.022756242520153,-0.018138325920661245,0.8786536459591681
2.73,13.636659645206393,11.709065166595384,18.85000764136283,22.51303932160957,-0.01887932217972123,0.8779486872531105
2.7399999999999998,13.687298602616085,11.761921670427876,18.99959680291668,23.01238464817018,-0.019622111126857727,0.8772438190187278
2.75,13.73530874627011,11.812804112212364,19.148551121937267,23.520925732830456,-0.020366353979854812,0.8765390431640624
2.76,13.780670107938402,11.861694661138278,19.296870313267554,24.038797556037597,-0.021111764668082345,0.875834361587328
2.77,13.82336245851077,11.908569982717559,19.44455435848032,24.56613657880584,-0.021858046823186053,0.8751297761769105
2.78,13.863365859707711,11.953414084476174,19.59160295431896,25.10308075350357,-0.02260500865116252,0.8744252888113679
2.79,13.900664467164198,11.99620509839076,19.73801876040931,25.64976953467994,-0.023352239937679473,0.8737209013594305
2.8,13.935240213977307,12.03692688505793,19.883802756455044,26.206343889930316,-0.02409953332966372,0.8730166156799999
2.81,13.967078783560561,12.07556284829463,20.02895818437434,26.772946310801174,-0.024846667213057484,0.8723124336221504
2.82,13.996164760929219,12.112096084847256,20.173489660332095,27.349720823733858,-0.025593300583668644,0.871608357025128
2.8299999999999996,14.022483657089525,12.14651097449585,20.317399464846837,27.9368130010478,-0.02633922061186024,0.8709043877183504
2.84,14.046025263632963,12.178792080850403,20.460693400976556,28.534369971962676,-0.027084122703341967,0.8702005275214081
2.8499999999999996,14.066776310053232,12.208927330771907,20.603377617774314,29.1425404336597,-0.027827812306452267,0.8694967782440626
2.86,14.084723845785367,12.236901229020622,20.745456587703277,29.761474662382334,-0.028570071998336166,0.868793141686248
2.8699999999999997,14.099861754676839,12.262701508703294,20.886939074365607,30.391324524575776,-0.029310578624143168,0.8680896196380705
2.88,14.112178459510972,12.286316707253123,21.027831109015672,31.03224348806601,-0.030049184762889748,0.8673862138798081
2.8899999999999997,14.12166655160499,12.307734980646396,21.168141027626497,31.684386633277583,-0.03078563779837374,0.8666829261819103
2.9,14.128320803249519,12.32694663327408,21.307878812624363,32.347910664490996,-0.031519670773763664,0.865979758305
2.9099999999999997,14.132132872091278,12.343939847806796,21.44705203142674,33.02297392113878,-0.032251147575839835,0.8652767119998704
2.92,14.133098217405326,12.358707901362068,21.585672701746667,33.709736389141156,-0.032979840835094906,0.8645737890074879
2.9299999999999997,14.131212747890062,12.37124224295271,21.72374924067368,34.408359712280486,-0.03370553932681632,0.8638709910589905
2.94,14.126473648159116,12.381533806572465,21.861294428015693,35.119007203615226,-0.03442804798180136,0.863168319875688
2.9499999999999997,14.11887827803961,12.389576664577856,21.99831843745078,35.84184385693267,-0.03514717261755901,0.8624657771690625
2.96,14.10842447750952,12.395365231173377,22.134835194185122,36.577036358241216,-0.03586279688525056,0.8617633646407679
2.9699999999999998,14.095113214221248,12.398894438023301,22.270857356952472,37.32475309730142,-0.036574686059117914,0.8610610839826306
2.98,14.078941557786344,12.400158308253895,22.406395144148245,38.085164179196596,-0.03728267476813326,0.8603589368766479
2.9899999999999998,14.059914615305392,12.399151794265268,22.54146735081712,38.85844143594215,-0.037986623467804896,0.8596569249949904
3.0,14.038035369482024,12.395875506140724,22.676086813182483,39.64475843813452,-0.03868640202087318,0.8589550499999999
3.01,14.013303047394075,12.390323745250718,22.810266746530292,40.444290506638765,-0.03938182784787497,0.8582533135441904
3.02,13.985721437159595,12.382496265532682,22.944022027516,41.25721472431592,-0.040072809171478964,0.8575517172702479
3.03,13.955300593101912,12.372390380334046,23.07737229744941,42.0837099477888,-0.04075915591694715,0.8568502628110305
3.04,13.922042979486116,12.360008297951344,23.2103313955732,42.92395681924766,-0.041440797061873674,0.8561489517895681
3.05,13.885953772226152,12.3453499378584,23.34291418265591,43.778137778294386,-0.04211763386625165,0.8554477858190624
3.06,13.847042896998364,12.328413636291572,23.47514151362496,44.64643707382645,-0.04278948987372156,0.854746766502888
3.07,13.805320508584238,12.309203947337277,23.607031236901904,45.52904077595933,-0.04345632171048896,0.8540458954345904
3.08,13.760792209868757,12.28772305598157,23.73859745885376,46.42613678798886,-0.044118006642891956,0.853345174197888
3.09,13.713471024647438,12.263974079886493,23.86986260584924,47.337914858391954,-0.04477449172019592,0.8526446043666704
3.0999999999999996,13.66336789301358,12.237960011539686,24.000843398786714,48.26456659286717,-0.04542566701494917,0.8519441875049999
3.11,13.610495547414212,12.209686984964776,24.13156100942953,49.20628546641401,-0.04607147940273165,0.8512439251671104
3.1199999999999997,13.55486719493131,12.179159991792798,24.262033877006953,50.163266835451346,-0.046711863788360564,0.850543818897408
3.13,13.496494570923533,12.146384472836484,24.39228153315297,51.135707949975455,-0.047346780686069484,0.8498438702304705
3.1399999999999997,13.43539359156538,12.111368633549828,24.522322734807798,52.123807965756576,-0.047976188703553115,0.8491440806910479
3.15,13.371585473909024,12.07411958576482,24.652183047579605,53.12776795657524,-0.048600035240210934,0.8484444517940625
3.1599999999999997,13.305080103114149,12.034644072978073,24.781878869616936,54.14779092649716,-0.04921826118785183,0.8477449850446079
3.17,13.235898272096147,11.992954331531896,24.911433378179424,55.18408182218792,-0.04983091126914272,0.8470456819379505
3.1799999999999997,13.164057898040808,11.949056774559859,25.040866518067848,56.23684754526611,-0.050437894261971004,0.846346543959528
3.19,13.089584314824034,11.902963854977438,25.170204773119526,57.306296964696344,-0.05103925292443492,0.8456475725849505
3.1999999999999997,13.012490619014757,11.854685434775764,25.299463778179405,58.39264092922075,-0.05163499533246903,0.8449487692800001
3.21,12.93280395361789,11.80423624408911,25.428670205991786,59.49609227983021,-0.052225099521737914,0.8442501355006303
3.2199999999999998,12.850545018338567,11.751625642898112,25.557844440002476,60.61686586227425,-0.05280959348876444,0.8435516726929682
3.23,12.765737388848995,11.69686910446194,25.687009550220896,61.75517853961055,-0.053388509237244815,0.8428533822933105
3.2399999999999998,12.678409006128403,11.639979052194883,25.81619003931017,62.911249204793116,-0.05396187508367373,0.842155265728128
3.25,12.588584628174345,11.58097243685104,25.945409123641795,64.08529879330017,-0.05452972453641453,0.8414573244140624
3.26,12.49628958045477,11.519863587784368,26.074687317389124,65.27755029580057,-0.055092144455354014,0.8407595597579279
3.27,12.401553957552528,11.456669182955142,26.204050197885923,66.48822877086006,-0.05564912552043814,0.8400619731567104
3.28,12.304407560479287,11.39140690876367,26.333522606688426,67.71756135768595,-0.05620079357125465,0.8393645659975679
3.29,12.204876676899001,11.32409385666538,26.46312477139351,68.96577728891174,-0.05674719173454359,0.8386673396578306
3.3,12.102998610381645,11.254748903420442,26.59288345613309,70.23310790341999,-0.057288394733792346,0.8379702955049999
3.31,11.998802765940917,11.183392489367112,26.72282188183364,71.51978665920544,-0.05782455962315596,0.8372734348967504
3.32,11.89232433777866,11.110043067596603,26.852964514685215,72.82604914627603,-0.05835565418368585,0.8365767591809279
3.33,11.783596391540579,11.034722299723231,26.983334688168426,74.15213309959441,-0.05888190289237878,0.8358802696955504
3.34,11.672654884524892,10.957452551168828,27.113956793276145,75.49827841205725,-0.05940339018294881,0.835183967768808
3.3499999999999996,11.559540953787174,10.878257039195036,27.244855349263645,76.86472714751494,-0.05992019077973787,0.8344878547190624
3.36,11.44429034914359,10.79715600488003,27.376055537707504,78.25172355382969,-0.06043249811754059,0.833791931854848
3.3699999999999997,11.326943481888472,10.714176406791902,27.50758038392772,79.65951407597274,-0.060940390140409736,0.8330962004748705
3.38,11.20754064512015,10.629343195970652,27.639454471443546,81.08834736916144,-0.06144408089262554,0.8324006618680081
3.3899999999999997,11.086125447467357,10.542681365753413,27.771704070081444,82.53847431203455,-0.06194364353718544,0.8317053173133104
3.4,10.962742594098374,10.454216453412846,27.904351940059943,84.01014801986756,-0.062439309567103515,0.83101016808
3.4099999999999997,10.837432660678077,10.36397693412405,28.037421897208706,85.50362385782637,-0.06293125752293353,0.8303152154274706
3.42,10.710247186680613,10.27199328871519,28.170940258794456,87.01915945426097,-0.06341958997660455,0.8296204606052879
3.4299999999999997,10.581229579313746,10.17829046088723,28.30492802578416,88.55701471403735,-0.06390455587915317,0.8289259048531904
3.44,10.4504315722915,10.082900543126055,28.439413169318957,90.11745183190946,-0.06438630386388347,0.8282315494010879
3.4499999999999997,10.3179020420522,9.985854983175887,28.574416914839375,91.70073530592956,-0.06486511178504185,0.8275373954690625
3.46,10.183691483198148,9.88718402352816,28.70996421086637,93.3071319508984,-0.06534113052266015,0.8268434442673679
3.4699999999999998,10.04785389224229,9.786920573019092,28.846078000959388,94.93691091185384,-0.06581456455499891,0.8261496969964305
3.48,9.910445087350988,9.685098638088308,28.982784984288838,96.59034367759952,-0.06628570931520293,0.825456154846848
3.4899999999999998,9.771521744739873,9.581752047114321,29.120105679262128,98.26770409427154,-0.06675476134740553,0.8247628189993904
3.5,9.631135574334623,9.47691511769746,29.258065204540074,99.96926837894563,-0.06722195783837621,0.8240696906249999
3.51,9.48935072658838,9.370625295413584,29.3966855603963,101.69531513328211,-0.06768754968346911,0.8233767708847903
3.52,9.346224591475213,9.262917638926247,29.535990879373543,103.44612535721129,-0.06815180780140881,0.8226840609300479
3.53,9.20181781217907,9.153831857472587,29.67600229478391,105.22198246265678,-0.06861498163381931,0.8219915619022304
3.54,9.056196070822974,9.043405032199983,29.816744632761615,107.02317228729929,-0.06907737553659418,0.821299274932968
3.55,8.909422038973709,8.93167767019883,29.958239652116717,108.84998310837814,-0.069539238845284,0.8206072011440624
3.56,8.761562937057834,8.818689350406592,30.100509107547953,110.70270565653331,-0.07000084094183281,0.8199153416474879
3.57,8.612683513519782,8.704481528897555,30.243574015207834,112.58163312968549,-0.07046256082324867,0.8192236975453905
3.58,8.462853784152584,8.589097412757026,30.38745679159267,114.48706120695624,-0.07092462705311076,0.818532269930088
3.59,8.312144769605284,8.472580150165522,30.5321796957514,116.4192880626264,-0.07138743113940518,0.8178410598840704
3.5999999999999996,8.16062750082509,8.354972079600763,30.677761913068164,118.37861438013458,-0.07185117505346872,0.81715006848
3.61,8.008374692021537,8.236319137180248,30.82422588693331,120.3653433661141,-0.07231628999820501,0.8164592967807105
3.6199999999999997,7.855459393733539,8.11666682452475,30.97158912160584,122.3797807644691,-0.07278303719996185,0.815768745839208
3.63,7.7019603918285675,7.99606236880481,31.119873872247197,124.42223487049066,-0.07325183127590834,0.8150784166986705
3.6399999999999997,7.54795311186376,7.8745532834184715,31.26909935138691,126.49301654501063,-0.07372294490027799,0.8143883103924479
3.65,7.393517899156517,7.752187143230599,31.419284480531402,128.59243922859633,-0.07419676400936226,0.8136984279440624
3.6599999999999997,7.238731992932807,7.629014229123492,31.570446820956864,130.7208189557826,-0.07467361528482076,0.813008770367208
3.67,7.08368005443362,7.505085116864324,31.722606711428615,132.87847436934473,-0.07515389288668763,0.8123193386657505
3.6799999999999997,6.928444479011572,7.380449956658247,31.875780927622067,135.06572673460903,-0.07563798411590615,0.811630133833728
3.69,6.773105168426092,7.255160399623612,32.029985644787274,137.282899953804,-0.07612623198956424,0.8109411568553505
3.6999999999999997,6.617754201581429,7.129272322897587,32.18524037571403,139.53032058044894,-0.07661904920979176,0.8102524087049999
3.71,6.462474236982697,7.002835122832974,32.34156033130809,141.80831783378378,-0.07711679101009589,0.8095638903472304
3.7199999999999998,6.307068138030503,6.876160243991459,32.49929198188624,144.11722361323592,-0.0775766624130693,0.8088756027367681
3.73,6.152166171873879,6.748762915981327,32.657799301471314,146.4573725129283,-0.0780829872787179,0.8081875468185105
3.7399999999999998,5.99759928239248,6.620981294270107,32.81741546612863,148.82910183622457,-0.07859534793032798,0.807499723527528
3.75,5.8434639910719905,6.492872475555289,32.97815941453617,151.23275161031538,-0.07911412246420259,0.8068121337890625
3.76,5.689850116771152,6.3644952957609515,33.14004064962036,153.66866460084208,-0.07963973543954746,0.8061247785185279
3.77,5.536852642207654,6.2359084272175,33.303074238103434,156.13718632656116,-0.08017249057581441,0.8054376586215105
3.78,5.384564696462418,6.107167583137938,33.46727199288438,158.63866507404634,-0.08071296189532856,0.804750774993768
3.79,5.233083331932151,5.97833835207316,33.632646352035,161.17345191243118,-0.08126147924318837,0.8040641285212305
3.8,5.082505991233601,5.8494766271777925,33.79920906706057,163.74190070818955,-0.08181843695670202,0.8033777200799999
3.81,4.932929880535263,5.720646599268506,33.96697091465006,166.3443681399568,-0.08238431813928655,0.8026915505363504
3.82,4.784451602622697,5.591908822860693,34.135939312127995,168.98121371338814,-0.08295949147239152,0.802005620746728
3.83,4.637171564933053,5.463327014444782,34.30612652157933,171.65279977605832,-0.0835443940326048,0.8013199315577504
3.84,4.491189942064861,5.334963867730016,34.47753916040364,174.35949153239832,-0.08413950042663135,0.8006344838062079
3.8499999999999996,4.346607495472479,5.206884440453085,34.65018508686162,177.10165705867323,-0.08474514993180274,0.7999492783190625
3.86,4.203525770226738,5.079153391346068,34.82407401485326,179.87966731799776,-0.08536184259716499,0.7992643159134479
3.8699999999999997,4.062045404334402,4.951834930039212,34.99921024800618,182.6938961753913,-0.08598994604488443,0.7985795973966705
3.88,3.9222681724311528,4.824995363148181,35.17559829438647,185.5447204128731,-0.08662989451753933,0.7978951235662081
3.8899999999999997,3.784298247731333,4.698701905147475,35.353246453340695,188.43251974459466,-0.08728220022056199,0.7972108952097104
3.9,3.648237750223654,4.573020131671725,35.53215644797888,191.3576768320136,-0.08794719248657681,0.7965269131049999
3.9099999999999997,3.5141896740173935,4.448017073490785,35.71233394457639,194.32057729910437,-0.08862525977110924,0.7958431780200704
3.92,3.3822581580664592,4.323762452086587,35.89377983424848,197.32160974761038,-0.08931694359474554,0.795159690713088
3.9299999999999997,3.252544632917673,4.200322397101327,36.076496775407584,200.36116577233304,-0.09002263249514957,0.7944764519323905
3.94,3.1251546627140665,4.077766554240829,36.2604876823308,203.43963997646202,-0.09074263451431502,0.793793462416488
3.9499999999999997,3.000188677018964,3.956163194171331,36.44574773566426,206.55742998694294,-0.09147746993228033,0.7931107228940626
3.96,2.8777522513040052,3.835581066215131,36.63228416832624,209.7149364698857,-0.09222749178180131,0.7924282340839679
3.9699999999999998,2.7579478967821136,3.7160907733699773,36.82008891958001,212.91256314601048,-0.09299313134777112,0.7917459966952304
3.98,2.640876253009002,3.5977601936258736,37.00916433787239,216.15071680613457,-0.09377480692845835,0.791064011427048
3.9899999999999998,2.5266404718855715,3.4806608635524108,37.19950506638246,219.4298073266964,-0.094572816934581,0.7903822789687904
4.0,2.4153413666984833,3.3648609492343957,37.391108878921514,222.75024768532094,-0.0953876350605971,0.7897007999999999
4.01,2.3070806306452867,3.2504329039259856,37.58397205721912,226.11245397642188,-0.09621961596717708,0.7890195751903905
4.02,2.201958412368549,3.1374457049909292,37.778089448420914,229.51684542684526,-0.0970690947666254,0.7883386051998479
4.03,2.1000725255606256,3.025968414125168,37.97345372587305,232.96384441155084,-0.09793652722482528,0.7876578906784304
4.04,2.001522408022011,2.9160716086152747,38.17005906822623,236.45387646933196,-0.09882219357009998,0.7869774322663681
4.05,1.906403620274328,2.8078260048029064,38.36789699605667,239.98737031857726,-0.09972644061558501,0.7862972305940624
4.06,1.8148136203692182,2.7013018330047047,38.56696103155552,243.5647578730688,-0.1006496462716002,0.785617286282088
4.07,1.7268463469742863,2.5965672872438414,38.76723942824445,247.1864742578209,-0.10159210901021763,0.7849375999411904
4.08,1.642595723086035,2.4936925113216035,38.96872444967566,250.85295782495626,-0.10255418803694817,0.7842581721722879
4.09,1.562152988292756,2.3927479306066117,39.17140413088372,254.56465016962477,-0.10353616635871754,0.7835790035664705
4.1,1.4856093610830385,2.29380204720839,39.37526913071161,258.3219961459577,-0.10453829979560866,0.782900094705
4.109999999999999,1.4130528245662328,2.1969225635284344,39.58030373112442,262.1254438830633,-0.10556096014357137,0.7822214461593104
4.12,1.3445718935694708,2.1021789990622737,39.78649929973838,265.9754448010611,-0.10660435588370099,0.7815430584910078
4.13,1.2802498057672536,2.0096379777636515,39.993837255757775,269.87245362715345,-0.10766880461412212,0.7808649322518706
4.14,1.220171130218486,1.9193677810152259,40.202308053485,273.8169284117407,-0.10875450201060816,0.780187067983848
4.1499999999999995,1.1644154928680153,1.8314351639814412,40.41189180809231,277.8093305445709,-0.10986173067222127,0.7795094662190626
4.16,1.1130634670272472,1.745905734590851,40.62257703183453,281.8501247709313,-0.11099066029552546,0.7788321274798079
4.17,1.0661909164598324,1.6628454922162337,40.83434595758314,285.93977920787665,-0.1121415454266292,0.7781550522785504
4.18,1.02387183077563,1.582319243866386,41.04717967771814,290.078765360501,-0.11331458716529513,0.7774782411179281
4.1899999999999995,0.9861793087892564,1.5043906470580792,41.261062081798684,294.2675581382436,-0.11450992649320842,0.7768016944907504
4.2,0.953181612322417,1.4291234941933302,41.47597303777747,298.5066358712377,-0.11572773862176133,0.77612541288
4.21,0.9249459608275828,1.356580271119368,41.69189498413316,302.796480326695,-0.11696817933440369,0.7754493967588304
4.22,0.9015366277767146,1.2868223359547926,41.9088077056095,307.13757672533416,-0.11823137568562984,0.7747736465905681
4.2299999999999995,0.8830142014669458,1.2199097842569468,42.126690083615216,311.53041375784335,-0.11951749166194452,0.7740981628287105
4.24,0.8694385318388369,1.1559033684831392,42.345524964238365,315.9754836013857,-0.1208265412390218,0.773422945916928
4.25,0.8608630328824687,1.0948608703454417,42.56528620637974,320.4732819361403,-0.12215864832988425,0.7727479962890624
4.26,0.8573418614105174,1.0368399351630888,42.785954577184114,325.02430796188736,-0.12351396696584406,0.772073314369128
4.27,0.8589228406363676,0.9818966756031026,43.007505889664955,329.6290644146275,-0.12489235428885193,0.7713989005713104
4.28,0.8656530334525003,0.930086507663927,43.229918950664434,334.2880575832437,-0.12629401680676164,0.7707247552999679
4.29,0.8775743375941576,0.8814627937400477,43.45317112478115,339.00179732619887,-0.12771890085217347,0.7700508789496305
4.3,0.8947272695729155,0.8360789418063164,43.67723581842068,343.7707970882777,-0.12916696582994297,0.7693772719049999
4.31,0.9171475112865485,0.7939856434569798,43.902093222458504,348.5955739173626,-0.13063826448798463,0.7687039345409507
4.32,0.9448681078047306,0.7552320636068993,44.127713143391816,353.4766484812521,-0.13213270985147008,0.768030867222528
4.33,0.9779175936107735,0.7198680342629965,44.35407501732678,358.41454508451557,-0.13365023970583292,0.7673580703049505
4.34,1.0163220505410782,0.687939052501002,44.58115576118205,363.40979168539087,-0.1351908296149155,0.7666855441336079
4.35,1.060103366190707,0.65949090608274,44.80892485323173,368.46291991271767,-0.13675432543199167,0.7660132890440624
4.36,1.1092798497061533,0.634567814764957,45.03735825671964,373.5744650829121,-0.13834061361535094,0.765341305362048
4.37,1.1638668760454718,0.613211700139398,45.26643261775238,378.7449662169778,-0.13994960728562514,0.7646695934034704
4.38,1.2238742361374528,0.5954635836526547,45.4961200162647,383.97496605756095,-0.14158115490073864,0.763998153474408
4.39,1.289310803286027,0.5813609638055083,45.726393782688746,389.2650110860395,-0.14323507643559685,0.7633269858711105
4.3999999999999995,1.3601788274544513,0.5709413899320349,45.95722841903864,394.61565153965455,-0.1449111559677855,0.7626560908800001
4.41,1.4364786566265406,0.5642412304704704,46.18859713443318,400.0274414286798,-0.14660922816321104,0.7619854687776705
4.42,1.518206356807615,0.5612924468522774,46.42047462831011,405.50093855362894,-0.14832903022705293,0.761315119830888
4.43,1.6053547720789147,0.5621275121322,46.652833061149366,411.03670452250606,-0.15007039090555893,0.7606450442965905
4.4399999999999995,1.697911333838326,0.5667757550179342,46.88564480098478,416.6353047680911,-0.15183301051697143,0.759975242421888
4.45,1.7958595759342109,0.5752654274813461,47.118888121070825,422.2973085652669,-0.15361661070259622,0.7593057144440625
4.46,1.899182370302076,0.5876217198403955,47.352530390169214,428.0232890483826,-0.1554209403104968,0.7586364605905678
4.47,2.0078551999511483,0.6038691226140562,47.58654966658023,433.81382322866114,-0.15724570930585324,0.7579674810790307
4.4799999999999995,2.1218503178721764,0.6240290532250458,47.82091765629906,439.669492011641,-0.15909052388297573,0.7572987761172478
4.49,2.2411386778008877,0.648121060095697,48.05560709791453,445.5908802146602,-0.16095501785281416,0.7566303459031903
4.5,2.36568541179175,0.6761637766415802,48.2905961667333,451.5785765843759,-0.1628389854441053,0.755962190625
4.51,2.495450495662132,0.7081721651460297,48.52585642351101,457.6331738143291,-0.1647419163450791,0.7552943104609905
4.52,2.6303941249222573,0.7441595368395361,48.76136072396686,463.75526856254254,-0.16666349738280067,0.754626705579648
4.53,2.7704693281346793,0.7841374422832682,48.99708507140894,469.9454614691612,-0.1686033600344852,0.7539593761396303
4.54,2.915625803176553,0.8281150999997791,49.233006348946844,476.2043571741291,-0.17056099153490392,0.7532923222897681
4.55,3.065813260486754,0.8760997248875734,49.46909749057744,482.53256433491003,-0.1725360543424857,0.7526255441690624
4.56,3.2209716219366467,0.9280954388133206,49.70533359220529,488.9306956442426,-0.17452807604658072,0.751959041906688
4.57,3.381043318386964,0.9841051265412517,49.9416923192685,495.39936784793696,-0.17653657604812228,0.7512928156219905
4.58,3.545962220856123,1.0441292352204248,50.17815050478539,501.93920176270825,-0.17856120491783983,0.750626865424488
4.59,3.7156634607434094,1.1081658949547444,50.41468358191654,508.5508222940542,-0.18060134550017456,0.7499611914138705
4.6,3.8900741718745837,1.1762103789005915,50.65126751535655,515.2348584541667,-0.18265657953014083,0.74929579368
4.61,4.069119029755044,1.2482566400764499,50.88788225031127,521.9919433798848,-0.18472643956460866,0.7486306723029105
4.62,4.252725531905298,1.3242963295764796,51.12450678180562,528.8227143506856,-0.186810395962637,0.7479658273528078
4.63,4.440809520433595,1.4043174819352136,51.3611139039534,535.7278128067176,-0.18890795016842765,0.7473012588900705
4.64,4.633285626427951,1.4883067203441587,51.597688349951966,542.7078843668689,-0.1910185206227633,0.746636966965248
4.6499999999999995,4.830071974265084,1.57624907426281,51.834206825837974,549.7635788468776,-0.19314164857309546,0.7459729516190624
4.66,5.031074645428653,1.6681265726483736,52.0706506311667,556.8955502774802,-0.1952767717887073,0.745309212882408
4.67,5.236202238139503,1.763919429886402,52.30700278930438,564.1044569225971,-0.19742335782164613,0.7446457507763504
4.68,5.445355739575615,1.8636034493737483,52.54323983599461,571.3909612975631,-0.19958079003214296,0.7439825653121279
4.6899999999999995,5.658441353246822,1.9671554769689579,52.77934671035243,578.7557301873911,-0.2017486147290263,0.7433196564911505
4.7,5.875353748434158,2.074547805130404,53.01530614319342,586.1994346650779,-0.20392618009431238,0.7426570243049999
4.71,6.095993254569704,2.185750998241536,53.25110056958955,593.7227501099463,-0.2061129558781501,0.7419946687354303
4.72,6.320249551627518,2.300733627905658,53.486712060558666,601.3263562260327,-0.20830848482812675,0.741332589754368
4.7299999999999995,6.548013551422448,2.4194619505229045,53.722126455682535,609.0109370605061,-0.2105120065158903,0.7406707873239105
4.74,6.77917374641411,2.5418986385135955,53.95732972228265,616.7771810221321,-0.21272305112394174,0.7400092613963279
4.75,7.01361722756677,2.6680064383728834,54.19230920745106,624.6257808997711,-0.21494113310290033,0.7393480119140624
4.76,7.251225916105804,2.7977441687505546,54.42704755111491,632.5574338809215,-0.21716544307069108,0.738687038809728
4.77,7.4918830980717805,2.9310690402519928,54.66153324288744,640.5728415702968,-0.2193955449520946,0.7380263420061105
4.78,7.735468874662163,3.0679361338578124,54.89575345181732,648.6727100084455,-0.221630941407838,0.7373659214161679
4.79,7.981858180181207,3.208297810272954,55.12970174533313,656.8577496904055,-0.22387094580260405,0.7367057769430305
4.8,8.230927709531024,3.3521054677973408,55.363359507104214,665.1286755844052,-0.22611501254772953,0.73604590848
4.81,8.48255252928679,3.4993060064139905,55.59672477809976,673.4862071505961,-0.2283625369650884,0.7353863159105505
4.82,8.736599584079588,3.649847447045356,55.829783104796874,681.9310683598295,-0.23061306418275,0.734726999108328
4.83,8.992945692765748,3.803672771195791,56.06252671069702,690.463987712468,-0.2328659142443911,0.7340679579371505
4.84,9.251453977252982,3.9607251466919657,56.294949380417734,699.0856982572424,-0.23512058460641064,0.7334091922510079
4.85,9.511996798227697,4.120943176309542,56.527043740814776,707.7969376101419,-0.23737649840075553,0.7327507018940626
4.86,9.774435772247138,4.284267030666066,56.75880360029279,716.5984479733471,-0.23963320287407203,0.7320924867006481
4.87,10.0386376175836,4.450630707397269,56.9902232282649,725.4909761541973,-0.24188997998520761,0.7314345464952704
4.88,10.304465468565466,4.61997001958901,57.22129720104551,734.4752735842053,-0.24414642499767963,0.7307768810926081
4.89,10.571778024358364,4.79221534822209,57.45202171919943,743.5520963381034,-0.24640195218935543,0.7301194902975104
4.8999999999999995,10.840440801176829,4.967298190103544,57.68239562286956,752.7222051529322,-0.24865604423202892,0.729462373905
4.91,11.110310395428254,5.14514554854692,57.912412950380435,761.9863654471694,-0.25090821297825516,0.7288055317002705
4.92,11.381246679942095,5.325685280091615,58.14207485981712,771.3453473398919,-0.2531579420058473,0.728148963458688
4.93,11.653109738925604,5.508843023886041,58.371376698933815,780.7999256699873,-0.25540474500559945,0.7274926689457903
4.9399999999999995,11.925754040049252,5.694539763846856,58.600322660442174,790.3508800153954,-0.2576480748344549,0.726836647917288
4.95,12.199040323011157,5.882697303164438,58.82890995627282,799.9989947123938,-0.2598875072567957,0.7261809001190624
4.96,12.472822133408624,6.073234163581941,59.05714134384911,809.7450588749172,-0.2621226049291095,0.7255254252871678
4.97,12.746956803463872,6.266070119305748,59.28501726564053,819.589866413925,-0.26435291291915985,0.7248702231478305
4.9799999999999995,13.02129608437844,6.461120120333676,59.51254228253831,829.5342160568002,-0.2665778472352236,0.724215293417448
4.99,13.295700400647448,6.658300019249827,59.73971640670003,839.5789113667905,-0.26879717257173136,0.7235606358025903
5.0,13.570021307111096,6.8575215497720725,59.96654439660376,849.7247607624853,-0.2710102839859222,0.72290625
5.01,13.84411335525461,7.058695485713183,60.19303254642845,859.9725775373396,-0.2732169487344762,0.7222521356965905
5.02,14.117834302902592,7.261734381510605,60.41918433100947,870.3231798792285,-0.2754166744408052,0.721598292569448
5.03,14.391032865903284,7.466543787131357,60.64500743025269,880.777390890047,-0.27760905032616456,0.7209447202858305
5.04,14.663566326060012,7.673034288071325,60.87050545782746,891.3360386053416,-0.27979379710103486,0.7202914185031679
5.05,14.935291303482451,7.881108613611412,61.095689501573005,901.9999560139919,-0.28197048595433094,0.7196383868690623
5.06,15.206061122752843,8.090673066116853,61.32056268107883,912.7699810779219,-0.28413883486566593,0.718985625021288
5.07,15.47572812095044,8.301630575897931,61.545137873639675,923.6469567518551,-0.2862985057601655,0.7183331325877904
5.08,15.755539274702139,8.521701093251997,61.78215393923051,934.6317310031044,-0.2896095795308325,0.7176809091866879
5.09,16.024327033444898,8.737934964211677,62.00691708773648,945.7251568314092,-0.29178830956056656,0.7170289544262703
5.1,16.291670042686675,8.955452639392714,62.23142456736383,956.9280922888036,-0.29395815306699713,0.716377267905
5.11,16.557429813623774,9.174162085499006,62.45569170754843,968.2414004995287,-0.29611878744905207,0.7157258492115104
5.12,16.821460595572237,9.393967851153917,62.67972519959468,979.6659496799778,-0.29827003151161635,0.7150746979246079
5.13,17.0836209321657,9.614773391677,62.90354104860616,991.2026131586914,-0.3004115146382182,0.7144238136132705
5.14,17.343780186534378,9.836483969292095,63.12714809822877,1002.8522693963819,-0.30254315486273575,0.7137731958366479
5.1499999999999995,17.601794898407405,10.059004484618464,63.35056138396847,1014.615802006,-0.3046645590119047,0.7131228441440625
5.16,17.857529439867466,10.282234239681248,63.573794367829194,1026.494099772844,-0.3067756848889387,0.712472758075008
5.17,18.110837917322,10.506077668344698,63.7968573394084,1038.4880566746997,-0.30887626252413075,0.7118229371591505
5.18,18.361600062960324,10.730435334163662,64.01976791586156,1050.5985719020312,-0.3109662331630659,0.711173380916328
5.1899999999999995,18.60967130739641,10.95520716416019,64.24253727197164,1062.8265498782016,-0.31304526203607935,0.7105240888565505
5.2,18.854925348107738,11.180297313009213,64.46518530137892,1075.1729002797365,-0.3151134512187769,0.7098750604799999
5.21,19.10491580615632,11.41863914997777,64.6937331213708,1087.638538056623,-0.31730305227218236,0.7092262952770304
5.22,19.34441787535395,11.644646721341665,64.91637009904169,1100.2243834526566,-0.31935146890813276,0.708577792728168
5.2299999999999995,19.580713721039288,11.870685653958594,65.13893202122595,1112.9313620258174,-0.32138847352782235,0.7079295523041104
5.24,19.81367198580439,12.09665961987809,65.36144020904281,1125.7604046686922,-0.323414069971876,0.707281573465728
5.25,20.04317192516918,12.322463849088546,65.58390903315987,1138.7124476289275,-0.3254283246064416,0.7066338556640624
5.26,20.26907632755326,12.547999665991384,65.80635628590029,1151.7884325297357,-0.32743099520784924,0.705986398340328
5.27,20.49126787607896,12.773163658538458,66.0287963365922,1164.9893063904265,-0.32942213001543347,0.7053392009259105
5.28,20.70963079648439,12.997855469831482,66.25124896843113,1178.316021646985,-0.33140175731227994,0.704692262842368
5.29,20.924029050262607,13.221978545356507,66.4737346495875,1191.7695361726837,-0.33336977168839704,0.7040455835014305
5.3,21.134352455390196,13.445422822115267,66.6962670854218,1205.3508132987424,-0.3353262108047302,0.7033991623049999
5.31,21.34048973841492,13.668091660211516,66.91886954816351,1219.060821835018,-0.3372712990385722,0.7027529986451505
5.32,21.542308538644537,13.889883120131381,67.14155503529014,1232.9005360907395,-0.3392047831976575,0.7021070919041279
5.33,21.739710856749834,14.110697270588265,67.36434765670222,1246.870935895275,-0.3411269422494996,0.7014614414543505
5.34,21.93257747482618,14.330432843135796,67.58726563743582,1260.9730066189495,-0.34303778969977994,0.7008160466584079
5.35,22.12079794834153,14.548989864855118,67.81032637736872,1275.2077391938915,-0.3449373894767044,0.7001709068690624
5.36,22.304268021088667,14.766266459438258,68.03355047722083,1289.5761301349232,-0.3468258975360547,0.699526021429248
5.37,22.482872304695398,14.982161283171045,68.25695369039123,1304.079181560486,-0.3487033687119577,0.6988813896720704
5.38,22.656521987112324,15.19657905414182,68.48056281042825,1318.7179012136132,-0.3505700772140218,0.698237010920808
5.39,22.825103459067254,15.40941742320862,68.7043920728683,1333.4933024829343,-0.3524260091303324,0.6975928844889104
5.3999999999999995,22.988523823736546,15.620580489669734,68.92846313969495,1348.4064044237202,-0.35427143406663003,0.6969490096800001
5.41,23.14668043385862,15.829966422964072,69.15279600821724,1363.4582317789718,-0.3561065508381722,0.6963053857878705
5.42,23.299479923704745,16.03747857834116,69.37740816603335,1378.6498150005364,-0.3579315262954907,0.695662012096488
5.43,23.446835433872273,16.243022123159875,69.60232221295098,1393.9821902702813,-0.35974649395902936,0.6950188878799906
5.4399999999999995,23.58865795275329,16.446500955134375,69.82756122423983,1409.4563995212898,-0.36155182796247726,0.694376012402688
5.45,23.7269937192446,16.655183683357336,70.05377229436019,1425.0734904591066,-0.36347210273712777,0.6937333849190624
5.46,23.8575191927631,16.854540217158846,70.27976947846724,1440.8345165830124,-0.365264689463912,0.6930910046737678
5.47,23.98225517671748,17.051554949805073,70.50615240732236,1456.7405372073526,-0.36704849597708794,0.6924488709016305
5.4799999999999995,24.101114570976005,17.246134832836614,70.73293726713192,1472.7926174828915,-0.36882406170116716,0.6918069828276479
5.49,24.214040595400828,17.438192166988138,70.96015351882443,1488.991828418212,-0.3705914727563232,0.6911653396669905
5.5,24.320933289176345,17.627629297417997,71.18781171381612,1505.3392469011492,-0.37235108431400527,0.6905239406249999
5.51,24.42174179710094,17.814363871509798,71.41593641431189,1521.8359557202743,-0.3741032907805787,0.6898827848971905
5.52,24.51638719742069,17.99830201734548,71.644543331926,1538.4830435864062,-0.37584844055921174,0.689241871669248
5.53,24.604809818879385,18.17935622516274,71.87365437208764,1555.2816051541674,-0.37758682308443703,0.6886012001170303
5.54,24.686954812739938,18.35744003728715,72.1032934951617,1572.2327410435737,-0.379318877787947,0.687960769406568
5.55,24.762751324699646,18.532466117527104,72.33347242707472,1589.3375578616765,-0.3810449155799133,0.6873205786940624
5.56,24.832152888515765,18.70435196511691,72.5642134714348,1606.5971682242284,-0.3827654263138904,0.686680627125888
5.57,24.895101653732954,18.873016626695954,72.79553370100811,1624.0126907773983,-0.3844807688398805,0.6860409138385904
5.58,24.9515585128459,19.038373925248532,73.02745707943781,1641.5852502195162,-0.3861913831292603,0.685401437958888
5.59,25.001469798341503,19.200347405821493,73.25999575455323,1659.3159773228724,-0.3878975724831552,0.6847621986036705
5.6,25.04480191853652,19.35885699844565,73.49317057084077,1677.2060089555403,-0.3895999733212152,0.68412319488
5.61,25.081512700124627,19.51382501149674,73.72700051093129,1695.2564881032465,-0.3912989107765474,0.6834844258851106
5.62,25.111562268520327,19.665172798773433,73.96149948678269,1713.4685638912752,-0.39299491870932796,0.6828458907064079
5.63,25.134940578802617,19.812828177705615,74.19669202416016,1731.84339160642,-0.39468838826180064,0.6822075884214704
5.64,25.1515964708899,19.956719506564937,74.4325864397954,1750.382132718967,-0.3963797968288128,0.6815695180980479
5.6499999999999995,25.16151726379858,20.096770859310045,74.66920148469136,1769.0859549047186,-0.3980697009767048,0.6809316787940626
5.66,25.16469263265846,20.232917291504425,74.90655813662683,1787.956032067061,-0.3997586038720872,0.680294069557608
5.67,25.161090499635097,20.365085682003564,75.14466754621131,1806.9935443590593,-0.4014469045220426,0.6796566894269505
5.68,25.15071122110266,20.493212839869923,75.3835451923951,1826.1996782056112,-0.40313529626044803,0.6790195374305279
5.6899999999999995,25.13354394688346,20.61723377628183,75.62321095836293,1845.5756263256208,-0.4048241354727528,0.6783826125869504
5.7,25.109592443154217,20.737090789663956,75.8636759241977,1865.1225877542224,-0.40651403477165254,0.6777459139049999
5.71,25.0788509656744,20.852712608976134,76.1049551957588,1884.841767865035,-0.40820550175998266,0.6771094403836304
5.72,25.041326520773605,20.96404568802744,76.347063850533,1904.7343783924694,-0.409899157334144,0.676473191011968
5.7299999999999995,24.997022130324215,21.071036911544834,76.59001022496645,1924.8016374540614,-0.4115953997452059,0.6758371647693104
5.74,24.945967101003415,21.173623209245108,76.83381503051979,1945.0447695728517,-0.4132948596771707,0.6752013606251279
5.75,24.888160791269545,21.271753653451793,77.0784830458875,1965.4650056997941,-0.41499819529757165,0.6745657775390624
5.76,24.823640610189805,21.365380870161548,77.32402990455243,1986.0635832362245,-0.4167058387043865,0.6739304144609279
5.77,24.752423871956104,21.454452770915722,77.57046894996708,2006.841746056346,-0.4184183882242176,0.6732952703307105
5.78,24.674545838209436,21.538925413035468,77.81780539716499,2027.8007445297674,-0.42013641129098656,0.6726603440785678
5.79,24.59004772224607,21.61874805040038,78.06605939804139,2048.9418355440685,-0.4218605578032307,0.6720256346248306
5.8,24.498961265701976,21.69388187321958,78.31523195972056,2070.2662825274238,-0.4235913867655763,0.67139114088
5.81,24.40132996565677,21.764286182490483,78.5653338850682,2091.775355471247,-0.4253294766193888,0.6707568617447506
5.82,24.297209272088793,21.829923331451297,78.81637494808992,2113.4703309528836,-0.42707534216152615,0.670122796109928
5.83,24.186650300392028,21.890756346634298,79.06836462407341,2135.352492158334,-0.42882961432361894,0.6694889428565505
5.84,24.069710506546812,21.94675262355442,79.32131086382186,2157.423128905034,-0.43059287227962295,0.668855300855808
5.85,23.94645151481372,21.997879190377734,79.57521585385416,2179.683537664654,-0.4323656938273204,0.6682218689690623
5.86,23.81694942503359,22.044108038861708,79.83009450081369,2202.135021585953,-0.4341487823108309,0.667588646047848
5.87,23.681263777042442,22.085409624253312,80.08594196915959,2224.7788905176517,-0.43594256317940994,0.6669556309338704
5.88,23.539479546206326,22.121764638458288,80.34277196354932,2247.6164610313745,-0.4377476900149486,0.6663228224590081
5.89,23.391671922971604,22.153146003130534,80.60058330221644,2270.6490564446053,-0.43956479391984776,0.6656902194453104
5.8999999999999995,23.23793809962345,22.179535463107793,80.85938753084031,2293.878006843691,-0.4413944023125719,0.665057820705
5.91,23.078358299354136,22.20092182166069,81.11918107094166,2317.3046491068885,-0.4432371091947948,0.6644256250404704
5.92,22.91302679405814,22.217289101328504,81.37996520382023,2340.930326927438,-0.44509345736178385,0.6637936312442879
5.93,22.7420505527928,22.228612649357256,81.64174814861096,2364.756390836697,-0.4469641242328894,0.6631618380991905
5.9399999999999995,22.565525431167874,22.234900283986253,81.90452623579777,2388.7841982272907,-0.4488495505390452,0.6625302443780879
5.95,22.38357368214772,22.236138408695954,82.16830645000691,2413.015113376319,-0.45075036017830594,0.6618988488440625
5.96,22.196290354570586,22.23232151498486,82.43308338779563,2437.450507468582,-0.4526671485813422,0.6612676502503679
5.97,22.003802328442323,22.223448844848342,82.6988553999407,2462.091758619876,-0.45460037650238244,0.6606366473404305
5.9799999999999995,21.806235832649925,22.209519756010202,82.96562791755089,2486.9402519002974,-0.45655067301977453,0.660005838847848
5.99,21.603707973730653,22.19054133344342,83.23339153629306,2511.9973793576055,-0.4585185180565718,0.6593752234963903
6.0,21.39635254038221,22.166519019767037,83.50214849862085,2537.264540040609,-0.4605044105612855,0.6587448
6.01,21.18431086973829,22.137455564464403,83.77189391704434,2562.743140022612,-0.4625090297273183,0.6581145670627904
6.02,20.96771287667189,22.103368520528758,84.0426236284063,2588.434592424881,-0.46453270350760306,0.657484523379048
6.03,20.746703708920855,22.064273396749407,84.31433300510854,2614.3403174401615,-0.46657604167426525,0.6568546676332303
6.04,20.52143183875608,22.020181424326292,84.58701779141357,2640.461742356219,-0.4686395422452762,0.656224998499968
6.05,20.292047250391843,21.971119041273635,84.86067206175599,2666.800301579446,-0.470723620446894,0.6555955146440624
6.06,20.058707357731407,21.917102211316955,85.13529032470747,2693.357436658483,-0.4728288397460571,0.654966214720488
6.07,19.821570597932283,21.858155686340446,85.41086629033434,2720.1345963078907,-0.4749556233826641,0.6543370973743904
6.08,19.5807984707128,21.794312484907206,85.68738814724449,2747.13323643185,-0.4771043489968583,0.653708161241088
6.09,19.336548598232405,21.725595754383857,85.96484906799488,2774.3548201479257,-0.47927552604189333,0.6530794049460704
6.1,19.08900795904381,21.652045882094324,86.24324394617362,2801.8008178108407,-0.4814695921557996,0.6524508271049999
6.11,18.838330860070165,21.573691715027135,86.52255825823632,2829.47270703631,-0.4836868747029963,0.6518224263237105
6.12,18.584704004405598,21.49057361081975,86.8027848601184,2857.3719727248927,-0.4859278602597206,0.6511942011982079
6.13,18.32830829786714,21.40273523725361,87.08391472788081,2885.500107085914,-0.48819284650445527,0.6505661503146706
6.14,18.069314424875603,21.310217508508057,87.36593028032107,2913.858609661397,-0.4904822922102975,0.6499382722494479
6.15,17.807919798349495,21.21306311122463,87.64882783095467,2942.4489873500524,-0.4927965437070977,0.6493105655690624
6.16,17.54430835700114,21.11132850807037,87.93259119539434,2971.272754431287,-0.49513582607577145,0.6486830288302079
6.17,17.278668164915377,21.005058840809518,88.21720872572665,3000.331432589283,-0.49750057283002386,0.6480556605797505
6.18,17.011189924099387,20.894305965839578,88.50266398081793,3029.626550937085,-0.49989099529308567,0.6474284593547279
6.1899999999999995,16.74207938792785,20.77913638563656,88.78894654460863,3059.1596460407454,-0.5023074368657956,0.6468014236823505
6.2,16.47151876927054,20.659597165714608,89.07604153120592,3088.9322619435015,-0.5047501243115233,0.6461745520800001
6.21,16.199723953261678,20.53576113159079,89.36393558390348,3118.945950189986,-0.5072192892311705,0.6455478430552305
6.22,15.926883233391214,20.40768666839117,89.65260932787021,3149.2022698504966,-0.509715286183849,0.6449212951057681
6.2299999999999995,15.653207156892629,20.27544072519089,89.94205221298456,3179.702787545283,-0.5122382726502317,0.6442949067195104
6.24,15.376898497200465,20.109565863635694,90.23029505300208,3210.449077468889,-0.5144857231880533,0.6436686763745281
6.25,15.102087908023906,19.96778223076999,90.52114169602581,3241.44272141451,-0.5170524469014849,0.6430426025390624
6.26,14.827055879627288,19.82199068640349,90.81270368835011,3272.685308798429,-0.5196461949129653,0.642416683671528
6.27,14.55201193951287,19.672259985603983,91.10496395795776,3304.1784366844563,-0.5222672775082684,0.6417909182205105
6.28,14.27716836065471,19.518677962803107,91.39790663462169,3335.9237098084236,-0.524915678031416,0.641165304624768
6.29,14.002731166343752,19.36131623391259,91.69151209205295,3367.9227406027076,-0.5275915246439827,0.6405398413132306
6.3,13.728917835334762,19.200260403327576,91.98576529094514,3400.1771492208154,-0.530294892063696,0.6399145267049999
6.31,13.45593557859745,19.03559305435119,92.2806468438433,3432.6885635619806,-0.533025768192663,0.6392893592093506
6.32,13.183994287009813,18.867403049959634,92.57613802500249,3465.458619295821,-0.5357842331725425,0.6386643372257279
6.33,12.913307483276071,18.69577501730583,92.87222056629126,3498.488959887011,-0.538570278593538,0.6380394591437505
6.34,12.644088540563946,18.520803332467246,93.16887406132933,3531.781236620027,-0.5413838717774084,0.6374147233432079
6.35,12.37654260807051,18.342575541220015,93.46608407694133,3565.3371086239013,-0.5442249514638944,0.6367901281940626
6.36,12.110884897419265,18.161194019079858,93.76382730958613,3599.158242897034,-0.5470934312718243,0.6361656720564479
6.37,11.847320692323397,17.97674491270932,94.06208723573953,3633.2463143320224,-0.549989371677226,0.6355413532806704
6.38,11.586062988592536,17.789336514076798,94.36084256080477,3667.603005740566,-0.5529124996523055,0.6349171702072081
6.39,11.327314608534074,17.59906106711093,94.6600734154754,3702.230007878373,-0.5558628189479481,0.6342931211667104
6.4,11.071290740643214,17.40602835324787,94.95976311781284,3737.129019470131,-0.5588401020584955,0.6336692044800001
6.41,10.81819006696084,17.210337439889514,95.25989490068204,3772.3017472344914,-0.5618441837526568,0.6330454184580705
6.42,10.5682168027102,17.012096910286147,95.56044153886506,3807.7499059091333,-0.564874896251458,0.632421761402088
6.43,10.321565561689644,16.811411298928636,95.86138765553864,3843.4752182758266,-0.5679320106800111,0.6317982316033904
6.4399999999999995,10.078445757324054,16.6083893803696,96.16271537025517,3879.479415185552,-0.5710153534018474,0.631174827343488
6.45,9.839052971893796,16.40314283933848,96.4644070398775,3915.7642355836642,-0.5741246414520893,0.6305515468940626
6.46,9.603575112953038,16.19578510922621,96.76643788345453,3952.331426535075,-0.5772595807374177,0.629928388516968
6.47,9.372213437225286,15.986429461289626,97.06879167292706,3989.182743249508,-0.5804199390985887,0.6293053504642305
6.4799999999999995,9.145154983213658,15.77519026416291,97.37145128532309,4026.3199491067594,-0.5836053423036464,0.628682430978048
6.49,8.92258068405346,15.562178363118576,97.67439739089856,4063.744815682019,-0.5868155004745619,0.6280596282907905
6.5,8.704683492495299,15.347519813935389,97.97760783121954,4101.459122771211,-0.5900501082185825,0.627436940625
6.51,8.491640770132229,15.131327925250236,98.28107374391838,4139.464658416406,-0.5933086216065596,0.6268143661933905
6.52,8.2836233351258,14.91372546710345,98.58476487967314,4177.763218931236,-0.5965909214963755,0.626191903198848
6.53,8.08081525167578,14.694826436338213,98.88867267181477,4216.356608926379,-0.5998964218227641,0.6255695498344304
6.54,7.883379789763858,14.474761219594997,99.19277365933604,4255.246641335044,-0.6032246678589327,0.6249473042833681
6.55,7.691482861071266,14.25364508126473,99.49705553584667,4294.4351374385515,-0.6065754340251098,0.6243251647190624
6.56,7.505292525105434,14.03160509170107,99.80149811799043,4333.923926891901,-0.6099480697523675,0.6237031293050881
6.57,7.324958811664725,13.808765153342378,100.10608814425098,4373.7148477494065,-0.6133421247911383,0.6230811961951904
6.58,7.150647240744403,13.585251256559138,100.41080662857624,4413.809746490351,-0.6167572515106161,0.6224593635332879
6.59,6.9824976563817245,13.361183074576827,100.71563930637046,4454.210478044709,-0.6201927963618534,0.6218376294534704
6.6,6.820658946129998,13.136691904811116,101.02056921039609,4494.9189058188795,-0.6236482758401554,0.62121599208
6.61,6.665267565529102,12.911901255953927,101.32558270684936,4535.936901721479,-0.6271231874437176,0.6205944495273105
6.62,6.516466666958346,12.68694187450824,101.63066517815979,4577.266346189148,-0.6306169938714226,0.6199729999000078
6.63,6.374380947503591,12.461937646522324,101.93580256981308,4618.909128212429,-0.6341291772683388,0.6193516412928705
6.64,6.239139900400849,12.237013708021701,102.24098050144532,4660.867145361666,-0.6376589676062853,0.6187303717908479
6.65,6.110861131075871,12.012302683298518,102.54618264061996,4703.142303812941,-0.6412060114504199,0.6181091894690625
6.66,5.989661886505284,11.787928697931916,102.85140403389106,4745.736518374042,-0.6447695339615787,0.617488092392808
6.67,5.8756539372769945,11.564017975118242,103.1566248928107,4788.6517125105065,-0.6483490296336215,0.6168670786175504
6.68,5.768941415802976,11.340698625230745,103.46184170789223,4831.889818371664,-0.6519438771506234,0.6162461461889279
6.6899999999999995,5.669624179126661,11.118102046443264,103.76703339594121,4875.452776816731,-0.6555534134091113,0.6156252931427504
6.7,5.577793181475643,10.89635219035036,104.07219514516451,4919.342537440961,-0.659177094755783,0.615004517505
6.71,5.474252959565519,10.527908178301294,104.41518841681666,4963.561058601793,-0.6652786931177921,0.6143838172918303
6.72,5.39836196714605,10.304604263277122,104.72154760329569,5008.1103074451,-0.6690223280273523,0.613763190509568
6.7299999999999995,5.33028289151093,10.082504477124498,105.02788542507656,5052.99225993142,-0.6727812371098434,0.6131426351547105
6.74,5.270093831960262,9.86173762861753,105.33419843265045,5098.208900862259,-0.6765549013970332,0.6125221492139279
6.75,5.217862711150531,9.642431514394781,105.64047536108805,5143.762223906408,-0.6803428348533958,0.6119017306640625
6.76,5.173652280688099,9.424714912995647,105.94670943876318,5189.654231626332,-0.6841443734959374,0.611281377472128
6.77,5.137520418072932,9.20871526056806,106.25289829159266,5235.886935504578,-0.687958903076873,0.6106610875953106
6.78,5.109518526858906,8.994557057122373,106.55903472710683,5282.462355970215,-0.6917859224731373,0.6100408589809678
6.79,5.089690532402618,8.782369488662379,106.86511902682712,5329.38252242532,-0.6956247953553714,0.6094206895666305
6.8,5.078077842813034,8.572276760442168,107.17114274609119,5376.649473271524,-0.6994749663857681,0.6088005772799999
6.81,5.0747103809329746,8.364403013871863,107.47710079393796,5424.2652559365615,-0.7033357473425408,0.6081805200389506
6.82,5.079618716220201,8.158872655870613,107.78299786780987,5472.231926900891,-0.707206766205819,0.607560515751528
6.83,5.092823000061316,7.9558045226203,108.08882799734833,5520.5515517243175,-0.711087189289778,0.6069405623159505
6.84,5.114335055628523,7.75532703788528,108.39458930461736,5569.226205072702,-0.714976688538787,0.6063206576206079
6.85,5.144170262364947,7.557553908837077,108.70028157605005,5618.257970744674,-0.7188745819960055,0.6057007995440624
6.86,5.1823259293906165,7.362606461056887,109.00590761925004,5667.648941698394,-0.7227801296973905,0.605080985955048
6.87,5.228796853972944,7.170599691256105,109.31146143154473,5717.401220078348,-0.7266930332852775,0.6044612147124704
6.88,5.283578579393989,6.981653501404024,109.61695309757548,5767.516917242206,-0.730612580582634,0.603841483665408
6.89,5.3466513983253625,6.795881128361488,109.92238071886423,5817.998153787688,-0.7345381393637908,0.6032217906531104
6.9,5.417996965799675,6.613396018574663,110.22774386508796,5868.847059579496,-0.738469389794511,0.602602133505
6.91,5.49758276755543,6.434308178789703,110.53304872428133,5920.065773776246,-0.7424055791190791,0.6019825100406705
6.92,5.585380856999407,6.258729532432862,110.83829757896726,5971.656444857497,-0.7463463202360381,0.601362918069888
6.93,5.681345847533437,6.086766777570444,111.14349934799893,6023.621230650776,-0.7502908871313532,0.6007433553925905
6.9399999999999995,5.785431314488467,5.918527625869356,111.44865189874184,6075.962298358646,-0.7542389100990639,0.6001238197988881
6.95,5.897588711293319,5.754115123607196,111.75376335530646,6128.681824585836,-0.7581898743415147,0.5995043090690624
6.96,6.017755586216447,5.593633006853379,112.05884209846317,6181.781995366369,-0.7621432025692918,0.5988848209735679
6.97,6.145871018369226,5.437177845526577,112.36389156402043,6235.265006190791,-0.7660984748619338,0.5982653532730305
6.9799999999999995,6.2818601369554905,5.2848514527916475,112.66892277745671,6289.133062033378,-0.7700552009650284,0.5976459037182479
6.99,6.425651018728083,5.1367503327032455,112.97393827481645,6343.388377379422,-0.7740127615090541,0.5970264700501905
7.0,6.577159717562461,4.992965100393216,113.27895029037427,6398.03317625252,-0.777970868427036,0.59640705
7.01,6.736298740545155,4.8535934190772405,113.58396934389012,6453.069692241953,-0.7819290190346434,0.5957876412889904
7.02,6.902976161187205,4.718717117684379,113.888998466532,6508.500168530055,-0.7858867654281992,0.5951682416286479
7.03,7.077088850254465,4.588425654801807,114.19405119910196,6564.326857919656,-0.789843757261089,0.5945488487206304
7.04,7.258534107596881,4.462804829755885,114.49913869091617,6620.552022861522,-0.7937994384702484,0.593929460256768
7.05,7.4472019278475425,4.341935669744969,114.8042714526527,6677.1779354819,-0.7977535021466162,0.5933100739190624
7.06,7.642973370267513,4.2258953392555805,115.10945717540208,6734.206877610034,-0.8017056048738037,0.5926906873796881
7.07,7.845730973053032,4.114762000488353,115.41471204215377,6791.641140805772,-0.8056553649353495,0.5920712983009905
7.08,8.055345065395262,4.008609391280465,115.72004631635801,6849.4830263871545,-0.8096023420133976,0.591451904335488
7.09,8.271682414313362,3.907506657529763,116.02547370241999,6907.734845458126,-0.8135462759038183,0.5908325031258705
7.1,8.494605985099154,3.8115256297817455,116.33100431689071,6966.398918936201,-0.8174868261227846,0.590213092305
7.11,8.723976339020476,3.7207268740729518,116.63665450012097,7025.4775775802245,-0.8214237429875076,0.5895936694959105
7.12,8.959639522605094,3.6351770898897278,116.94243616795923,7084.973162018132,-0.8253566563544519,0.588974232311808
7.13,9.201449893797562,3.554931947213667,117.24836056053815,7144.888022774797,-0.8292853614666169,0.5883547783560704
7.14,9.449242301929292,3.480049195502827,117.55445221945065,7205.224520299871,-0.8332095921241508,0.5877353052222479
7.15,9.702859721057862,3.4105827679615595,117.86071531646013,7265.985024995692,-0.8371291187680443,0.5871158104940624
7.16,9.96213103571677,3.346581326684256,118.16716867628702,7327.171917245199,-0.8410436316997547,0.586496291745408
7.17,10.226890827793268,3.2880936761603325,118.47382615989414,7388.787587439947,-0.8449530873707458,0.5858767465403505
7.18,10.496951983039944,3.2351604566342465,118.78070723010921,7450.83443600809,-0.8488571765755191,0.5852571724331279
7.1899999999999995,10.772141380245793,3.1878256089247996,119.08782723624095,7513.314873442452,-0.8527558683247821,0.5846375669681505
7.2,11.052270934807115,3.1461248977466907,119.39519816090659,7576.2313203286185,-0.8566489285107938,0.5840179276800002
7.21,11.337152357461985,3.1100913065954314,119.7028365453169,7639.586207373054,-0.860536181724584,0.5833982520934304
7.22,11.626590115827412,3.0797549323110474,120.01076390682532,7703.381975431303,-0.8644177002313633,0.5827785377233681
7.2299999999999995,11.920387359044494,3.055148021599972,120.3189918338026,7767.621075536178,-0.8682931488368638,0.5821587820749103
7.24,12.218347725824152,3.0362895517592037,120.62754213886798,7832.305968926028,-0.8721626984223807,0.5815389826433279
7.25,12.520255120000838,3.023199798993512,120.93642676058245,7897.439127073,-0.8760261875232388,0.5809191369140625
7.26,12.825907887877223,3.015899541649869,121.24566481688169,7963.023031711402,-0.8798835722663891,0.580299242362728
7.27,13.135095880119312,3.014400013076755,121.55527914628351,8029.060174866048,-0.8837348260950054,0.5796792964551106
7.28,13.447596945131915,3.018710396389349,121.86527828918832,8095.553058880687,-0.8875800575338775,0.5790592966471679
7.29,13.763195531167371,3.0288406184922922,122.17568402504891,8162.504196446404,-0.8914192232859842,0.5784392403850305
7.3,14.08166537632484,3.0447911531793976,122.48650963912635,8229.916110630165,-0.8952523442093535,0.577819125105
7.31,14.402786328002911,3.0665631041793215,122.79778048395139,8297.7913349033,-0.8990795640069895,0.5771989482335504
7.32,14.726329619659076,3.0941511727853688,123.10950399163276,8366.132413170091,-0.9029009120113058,0.5765787071873278
7.33,15.052067490097794,3.1275497774840924,123.42170576750189,8434.941899796342,-0.906716516028108,0.5759583993731504
7.34,15.379754886723477,3.166747512982008,123.73439787140983,8504.222359638063,-0.910526442536162,0.5753380221880079
7.35,15.70917034004626,3.2117304337051578,124.04760331438405,8573.976368070123,-0.9143309866096211,0.5747175730190626
7.36,16.04006409692156,3.2624783211069226,124.36133388388488,8644.206511014985,-0.9181301192609956,0.574097049243648
7.37,16.372206213021755,3.3189747922830617,124.675607675985,8714.915384971444,-0.9219241016373053,0.5734764482292704
7.38,16.70535288310342,3.381192208050495,124.99044721162882,8786.105597043455,-0.9257131766601315,0.572855767333608
7.39,17.039257386228062,3.4491008603780466,125.30586514039034,8857.779764968953,-0.9294974798071516,0.5722350039045104
7.4,17.373676317008414,3.5226712289857325,125.62187273987263,8929.940517148738,-0.9332772425648886,0.5716141552799999
7.41,17.708363104207276,3.601869691841217,125.93849254143637,9002.59049267537,-0.9370527768463821,0.5709932187882705
7.42,18.043071801577614,3.686655453837824,126.2557423622157,9075.732341362162,-0.9408242287042886,0.570372191747688
7.43,18.37755191304681,3.7769860633076062,126.57363594209734,9149.368723772139,-0.9445920562421768,0.5697510714667906
7.4399999999999995,18.711555190938093,3.8728182958829764,126.89219244413427,9223.502311247099,-0.9483564663422934,0.569129855244288
7.45,19.04483067390755,3.9741038804443214,127.21142104436589,9298.13578593667,-0.9521177528748948,0.5685085403690625
7.46,19.377122813830553,4.080791025960652,127.5313388025082,9373.27184082741,-0.9558762309967205,0.5678871241201678
7.47,19.70819445996457,4.192823686567643,127.85196150585256,9448.913179771993,-0.9596322628271153,0.5672656037668306
7.4799999999999995,20.037786910002165,4.310143313835024,128.17330751659136,9525.062517518372,-0.9633862566996487,0.5666439765684479
7.49,20.36564725216218,4.4326926962681155,128.49538642420612,9601.722579739022,-0.9671385235567047,0.5660222397745904
7.5,20.6915234554651,4.560401939858524,128.8182126896384,9678.896103060184,-0.9708894378448878,0.5654003906249999
7.51,21.01517433566504,4.6932079916183636,129.1418004519298,9756.585835091211,-0.9746394286474453,0.5647784263495905
7.52,21.336348487626367,4.831040012302648,129.46616675989915,9834.794534453893,-0.9783888871665194,0.564156344168448
7.53,21.654790677820685,4.973822090126509,129.79132000472103,9913.524970811844,-0.9821382800441265,0.5635341412918304
7.54,21.970262506191393,5.121482113799401,130.1172712612202,9992.779924899914,-0.9858879836443355,0.5629118149201681
7.55,22.282510796186564,5.273935518085809,130.4440375009232,10072.562188553691,-0.9896384843122675,0.5622893622440625
7.56,22.59130530677164,5.431110456917955,130.77162548817296,10152.874564738966,-0.993390146988365,0.5616667804442881
7.57,22.896389558401648,5.592911734490272,131.1000507375379,10233.719867581303,-0.9971435593940563,0.5610440666917904
7.58,23.19752757792399,5.759259616583321,131.4293181348262,10315.100922395595,-1.0008991632101865,0.560421218147688
7.59,23.494491735568253,5.930065080858604,131.75944333003056,10397.020565715708,-1.0046573110786219,0.5597982319632705
7.6,23.787033277608394,6.105233494114194,132.0904316655239,10479.481645324131,-1.008418547670194,0.55917510528
7.61,24.07492942707732,6.284674432980045,132.4222909611735,10562.487020281687,-1.0121834551873854,0.5585518352295106
7.62,24.357942611677732,6.468291143951464,132.75503012143872,10646.039560957235,-1.0159524246290959,0.557928418933608
7.63,24.635852296394503,6.655980779524951,133.08866588107608,10730.142149057496,-1.0197260566224169,0.5573048535042704
7.64,24.908436236338833,6.847650053957683,133.42319004973572,10814.797677656841,-1.0235046942370098,0.5566811360436478
7.65,25.175471807236917,7.043195101907797,133.75861923070025,10900.009051227162,-1.0272889605020719,0.5560572636440625
7.66,25.43674822967063,7.2425098562569845,134.09495580766054,10985.779185667732,-1.031079305252861,0.5554332333880079
7.67,25.69204587571043,7.445488999129448,134.43220495588338,11072.111008335192,-1.0348763370546163,0.5548090423481504
7.68,25.94117174412628,7.6520315989348,134.77037271247534,11159.007458073493,-1.038680396478272,0.554184687587328
7.6899999999999995,26.183910636499355,7.862023941032839,135.1094655023689,11246.471485243905,-1.0424920750388655,0.5535601661585504
7.7,26.42007366996792,8.075355835928756,135.44948037102483,11334.506051755094,-1.04631184114036,0.5529354751049999
7.71,26.649467740808433,8.291924426819739,135.79042062899092,11423.114131093165,-1.0501403227507062,0.5523106114600305
7.72,26.87189878670751,8.511610358409541,136.1322922485033,11512.298708351856,-1.0539778044507793,0.5516855722471681
7.7299999999999995,27.087195430248087,8.734300760615236,136.47509747651236,11602.062780262659,-1.057824936321263,0.5510603544801104
7.74,27.295172103543482,8.959887615968544,136.8188300487727,11692.409355225052,-1.061682077568959,0.550434955162728
7.75,27.49566737501468,9.188254910895546,137.16349230614927,11783.34145333672,-1.0655497962486145,0.5498093712890626
7.76,27.688507406902502,9.419286539312434,137.50908410764706,11874.862106423878,-1.0694285345683254,0.5491835998433279
7.77,27.87354110614273,9.652869135009485,137.85561007641147,11966.974358071575,-1.073318787555001,0.5485576377999105
7.78,28.05061583252077,9.888890235815497,138.2030586336372,12059.681263654065,-1.0772208720083574,0.5479314821233678
7.79,28.21958822416625,10.127230050052749,138.55142673680697,12152.985890365193,-1.0811353033755564,0.5473051297684305
7.8,28.380320459283283,10.367782076754347,138.90071032432846,12246.89131724887,-1.0850624577668322,0.5466785776799999
7.81,28.532689609843104,10.61043128414312,139.25091374624,12341.400635229535,-1.0890027571800067,0.5460518227931506
7.82,28.67655648604081,10.85505471841275,139.60201791208,12436.516947142689,-1.0929565841267466,0.5454248620331279
7.83,28.811820905394146,11.10154974896099,139.95402911667176,12532.243367765423,-1.0969243187314137,0.5447976923153506
7.84,28.938361542449016,11.349801999340032,140.30692876471522,12628.583023847064,-1.100906245187542,0.5441703105454079
7.85,29.056088860531514,11.599698785945199,140.66072406903342,12725.539054139794,-1.1049028058396615,0.5435427136190626
7.86,29.164911410406383,11.851132263046805,141.01539179322322,12823.114609429322,-1.1089142224082054,0.542914898422248
7.87,29.26473240091113,12.103996170080352,141.37092931482815,12921.31285256559,-1.1129407538449396,0.5422868618310703
7.88,29.355494314515397,12.358181650230911,141.7273247212407,13020.13695849357,-1.116982697977867,0.541658600711808
7.89,29.437114121632685,12.613585745335836,142.0845684804522,13119.590114284023,-1.1210402557547015,0.5410301119209104
7.9,29.509543811276387,12.870111542037739,142.44264648910615,13219.675519164355,-1.1251137387639794,0.540401392305
7.91,29.572733447867112,13.12766011960844,142.80154898165227,13320.396384549464,-1.129203140204977,0.5397724387008704
7.92,29.626634190459967,13.386126074901286,143.16125795804842,13421.755934072686,-1.133308748279049,0.5391432479354881
7.93,29.62923564906357,14.011229219815077,143.40485061637474,13523.75740361673,-1.130001131312601,0.5385138168259905
7.94,29.657923900945708,14.269410276270333,143.76394089410306,13626.40404134468,-1.134024955481203,0.5378841421796879
7.95,29.67689727788162,14.527307280002537,144.12382355328984,13729.699107730992,-1.1380688160508967,0.5372542207940625
7.96,29.686142613791446,14.784767886975132,144.48448188018747,13833.645875592612,-1.1421332106147146,0.536624049456768
7.97,29.68565757096498,15.041636326469193,144.84591699812248,13938.247630120059,-1.1462184969277311,0.5359936249456305
7.9799999999999995,29.675424901168803,15.297753331167923,145.20810882839638,14043.507668908569,-1.1503252422004007,0.5353629440286479
7.99,29.65546773623037,15.552971791967936,145.57104312526891,14149.429301989308,-1.154453744497955,0.5347320034639905
8.0,29.625804095136612,15.807135202234491,145.9347179542543,14256.01585186054,-1.1586044472619288,0.5341008
8.01,29.586461445244794,16.0600955058925,146.29911324369561,14363.27065351897,-1.16277769962587,0.5334693303751904
8.02,29.537480944399274,16.311693141999587,146.66421579175852,14471.197054491,-1.166973806488006,0.5328375913182479
8.03,29.478901515148024,16.56177092809653,147.03001638947788,14579.79841486408,-1.171193218495838,0.5322055795480305
8.04,29.4107832148541,16.81018980599013,147.3964956857171,14689.078107318097,-1.1754362718052955,0.531573291773568
8.05,29.33319731187184,17.056796115428668,147.7636494095527,14799.039517156814,-1.1797032723929162,0.5309407246940623
8.06,29.246208011595982,17.301433099767895,148.1314518600718,14909.686042339254,-1.1839944694692137,0.530307874998888
8.07,29.14991040107607,17.5439601819731,148.49990033354626,15021.02109351132,-1.1883100964653253,0.5296747393675905
8.08,29.04439465692499,17.78421968129711,148.86897114780385,15133.048094037245,-1.192650681921969,0.5290413144698879
8.09,28.92974973455183,18.022073721353518,149.23865759588247,15245.77048003121,-1.1970162317041393,0.5284075969656705
8.1,28.80611030509472,18.257379846385255,149.60894467029536,15359.191700388945,-1.2014069527100888,0.527773583505
8.11,28.673582355095725,18.489977978868634,149.9798167379857,15473.315216819392,-1.205823294180127,0.5271392707281105
8.12,28.53229906534183,18.71974142700152,150.35125448868666,15588.144503876403,-1.2102652352123673,0.5265046552654079
8.13,28.382395967504987,18.94652330975576,150.7232473559106,15703.683048990497,-1.2147329929641744,0.5258697337374703
8.14,28.224023973406595,19.170177830545377,151.0957793404311,15819.934352500537,-1.2192269515909488,0.525234502755048
8.15,28.05733813964497,19.39058136488222,151.46884483532997,15936.901927685696,-1.2237470467780482,0.5245989589190624
8.16,27.882497436552608,19.60757763526999,151.8424153769709,16054.5893007972,-1.2282933931715942,0.5239630988206081
8.17,27.69968717348947,19.821051306588757,152.21648665735148,16173.000011090258,-1.232866233008766,0.5233269190409506
8.18,27.509070835838568,20.03086310125806,152.59104132523976,16292.137610855985,-1.2374656278797302,0.5226904161515279
8.19,27.310843634742955,20.236875284218126,152.96606405500168,16412.00566545337,-1.2420916353846725,0.5220535867139504
8.2,27.10520940916329,20.438965317891157,153.34154925535654,16532.607753341294,-1.246744371038747,0.52141642728
8.209999999999999,26.892362027192586,20.637003736462518,153.71747030822524,16653.947466110578,-1.251423771471118,0.5207789343916306
8.22,26.672525733487713,20.83087138817884,154.09382456061817,16776.028408516075,-1.2561299568561937,0.5201411045809679
8.23,26.445903713821192,21.02042965643331,154.47059267025605,16898.854198508743,-1.2608629437932741,0.5195029343703106
8.24,26.212747171314746,21.20558659565636,154.84776738982242,17022.42846726791,-1.265622566357314,0.518864420272128
8.25,25.973258474655708,21.3861977962686,155.22533069045795,17146.754859233402,-1.2704091641397137,0.5182255587890624
8.26,25.723662966128988,21.51934092987672,155.6013606645914,17271.83703213782,-1.275636380394896,0.517586346413928
8.27,25.472380902256926,21.689228304534204,155.9795538457599,17397.678657038818,-1.2804999742941379,0.5169467796297105
8.28,25.215543059510747,21.854243559792867,156.35809727716781,17524.283418351406,-1.2853915828495572,0.516306854909568
8.29,24.953395058690564,22.014254125404964,156.73697834945327,17651.655013880354,-1.290311137939874,0.5156665687168304
8.3,24.686217428360237,22.169175713615015,157.11618651246718,17779.79715485256,-1.295258665445559,0.5150259175049999
8.31,24.414282561926733,22.318905614035934,157.49571330314,17908.713565949463,-1.3002340725365682,0.5143848977177503
8.32,24.13785493752884,22.463341865378943,157.87554723454795,18038.407985339603,-1.3052373371807486,0.5137435057889279
8.33,23.857225462970987,22.602386574545154,158.25567851885975,18168.88416471107,-1.3102685296967962,0.5131017381425504
8.34,23.57268129707639,22.735964155121273,158.6361002029461,18300.145869304106,-1.3153275078880065,0.5124595911928079
8.35,23.28450385319904,22.863968012902912,159.01679600822007,18432.19687794366,-1.3204142910359542,0.5118170613440625
8.36,22.992990640235245,22.986315049258575,159.39777354359396,18565.040983072064,-1.3255288541512535,0.511174144990848
8.37,22.698455963092893,23.10293684224355,159.77901558312678,18698.681990781664,-1.330671012815317,0.5105308385178704
8.38,22.4011888944204,23.213746109188158,160.1605161667614,18833.123720847612,-1.335840744576028,0.5098871383000079
8.39,22.10148966007603,23.318660042920033,160.54227357275283,18968.37000676048,-1.3410381335131705,0.5092430407023105
8.4,21.799686640763056,23.417609313846203,160.92427854685488,19104.42469575921,-1.3462630327349667,0.50859854208
8.41,21.496076100335845,23.510531883938754,161.30652934566479,19241.29164886386,-1.3515152904900982,0.5079536387784706
8.42,21.1909757408062,23.59735500829064,161.6890234161114,19378.97474090848,-1.3567950334861107,0.5073083271332879
8.43,20.884701950898116,23.678012727794016,162.07175320497439,19517.477860574047,-1.3621020891231201,0.5066626034701905
8.44,20.57758329443325,23.752453384962298,162.45472360317993,19656.804910421386,-1.3674363259812174,0.5060164641050879
8.45,20.269922689635283,23.820616793769965,162.83792107351246,19796.959806924177,-1.37279797150311,0.5053699053440626
8.459999999999999,19.962047407643585,23.882454618804875,163.22135806430606,19937.946480501974,-1.3781866931136812,0.504722923483368
8.47,19.687528217224486,23.984319345437566,163.58139309747185,20079.76887555331,-1.3812492013270077,0.5040755148094305
8.48,19.381718796830306,24.036080582531703,163.96412402707728,20222.430950488684,-1.3865652264507728,0.5034276755988478
8.49,19.07671781083667,24.081523716114432,164.3470415483779,20365.936677763864,-1.3919017505422664,0.5027794021183905
