{'elevation': 19.0, 'canting': 7.0, 'aspect_ratio_func': 'dsr_thurai_2007', 'K2': 0.90778105579833, 'frequency': 35.5, 'n': (5.205429028358611+2.7778295107639392j), 'wl': 8.444857971830986, 'prefactor': 0.054621180151764676}
diameter[mm],radarXSh[mm2],radarXSv[mm2],extxs[mm2],ray[mm2],sKdp[mm2],aspect_ratio
0.01,5.462082080713984e-14,5.462082080714029e-14,7.840880806610993e-08,5.4621180151764684e-14,0.0,1.0
0.02,3.495663951957576e-12,3.4956639519576052e-12,6.276830042795516e-07,3.4957555297129398e-12,5.1230111230090225e-23,1.0
0.03,3.981649366812938e-11,3.981649366812972e-11,2.1207587277335347e-06,3.981884033063644e-11,2.049204449203609e-22,1.0
0.04,2.2370489900132313e-10,2.2370489900132507e-10,5.03473909982912e-06,2.2372835390162815e-10,1.2295226695221655e-21,1.0
0.05,8.533162725823439e-10,8.53316272582351e-10,9.853025697359786e-06,8.534559398713233e-10,1.6393635593628872e-21,1.0
0.060000000000000005,2.5478060317002834e-09,2.5478060317003053e-09,1.706748642367968e-05,2.548405781160734e-09,0.0,1.0
0.06999999999999999,6.424070134321184e-09,6.424070134321238e-09,2.718066522388004e-05,6.426127223674959e-09,1.6393635593628872e-21,1.0
0.08,1.431263725280292e-08,1.431263725280304e-08,4.0708042429994045e-05,1.4318614649704201e-08,6.557454237451549e-21,1.0
0.09,2.9012618594583678e-08,2.901261859458393e-08,5.8180348950104315e-05,2.9027934601033965e-08,3.2787271187257744e-21,1.0
0.09999999999999999,5.458566928129603e-08,5.4585669281296486e-08,8.01459105892674e-05,5.462118015176465e-08,0.0,1.0
0.11,9.668878376575943e-08,9.668878376576025e-08,0.00010717308366342462,9.676475253084039e-08,1.3114908474903098e-20,1.0
0.12,1.6294594030774804e-07,1.629459403077494e-07,0.00013985275313520534,1.6309796999428686e-07,0.0,1.0
0.13,2.633583420054488e-07,2.633583420054511e-07,0.00017880087932066889,2.636460039471592e-07,1.3114908474903098e-20,1.0
0.14,4.1075326928058797e-07,4.1075326928059146e-07,0.0002246610828020216,4.112721423151978e-07,0.0,1.0
0.15000000000000002,6.212712223729008e-07,6.212712223729061e-07,0.00027810740561141564,6.221693801661951e-07,6.557454237451548e-20,1.0
0.16,9.148913579222822e-07,9.148913579222898e-07,0.00033984709755801717,9.163913375810689e-07,2.6229816949806195e-20,1.0
0.17,1.3159957669335202e-06,1.3159957669335312e-06,0.00041062344927861305,1.3184225047746509e-06,2.6229816949806195e-20,1.0
0.18000000000000002,1.8539701481985662e-06,1.8539701481985815e-06,0.0004912187577895242,1.8577878144661755e-06,5.245963389961239e-20,1.0
0.19,2.5638442787304255e-06,2.5638442787304476e-06,0.0005824574419447391,2.569701541499483e-06,1.3114908474903097e-19,1.0
0.2,3.486969025781687e-06,3.4869690257817165e-06,0.0006852090379077511,3.4957555297129404e-06,1.0491926779922478e-19,1.0
0.21000000000000002,4.671732275409895e-06,4.671732275409935e-06,0.0008003917288757047,4.68464674605905e-06,1.5737890169883718e-19,1.0
0.22,6.174310179536748e-06,6.174310179536801e-06,0.0009289753765340763,6.192944161973785e-06,0.0,1.0
0.23,8.059459680857323e-06,8.05945968085739e-06,0.0010719854886611707,8.08589496199564e-06,5.245963389961239e-20,1.0
0.24000000000000002,1.040134411419314e-05,1.0401344114193228e-05,0.0012305062373473424,1.0438270079634366e-05,1.5737890169883718e-19,1.0
0.25,1.3284402322348086e-05,1.3284402322348198e-05,0.001405684458277851,1.3335249060489423e-05,0.0,1.0
0.26,1.6804248554564582e-05,1.680424855456473e-05,0.0015987339413985418,1.6873344252618188e-05,2.0983853559844956e-19,1.0
0.27,2.1068616074364205e-05,2.106861607436438e-05,0.0018109384922544226,2.116136432415377e-05,1.0491926779922478e-19,1.0
0.28,2.6198330855467303e-05,2.6198330855467537e-05,0.002043656798882684,2.6321417108172658e-05,2.0983853559844956e-19,1.0
0.29000000000000004,3.232834279028411e-05,3.232834279028439e-05,0.0022983265489018236,3.248995177481197e-05,2.0983853559844956e-19,1.0
0.3,3.960875849473606e-05,3.96087584947364e-05,0.002576468517877344,3.981884033063644e-05,3.1475780339767437e-19,1.0
0.31,4.820596008103287e-05,4.820596008103327e-05,0.0028796916807998993,4.8476498445255287e-05,2.0983853559844956e-19,1.0
0.32,5.830374271107722e-05,5.8303742711077705e-05,0.003209697273974504,5.864904560518841e-05,2.0983853559844956e-19,1.0
0.33,7.010443571463308e-05,7.010443571463369e-05,0.003568284559457219,7.054150459498266e-05,2.0983853559844956e-19,1.0
0.34,8.383019307514181e-05,8.383019307514253e-05,0.003957354674821872,8.437904030557765e-05,0.0,1.0
0.35000000000000003,9.972421539280207e-05,9.972421539280293e-05,0.004378916742411386,0.00010040823786992134,4.196770711968991e-19,1.0
0.36000000000000004,0.00011805202615557376,0.00011805202615557478,0.004835093056063185,0.00011889842012583523,0.0,1.0
0.37,0.0001391028593983336,0.00013910285939833475,0.005328124574208776,0.00014014300440612923,2.0983853559844956e-19,1.0
0.38,0.000163191053200995,0.00016319105320099637,0.005860376854722226,0.00016446089865596692,0.0,1.0
0.39,0.00019065739847416542,0.00019065739847416705,0.006434344376828082,0.00019219793687747904,0.0,1.0
0.4,0.0002218707919022896,0.0002218707919022916,0.007052659889721593,0.0002237283539016282,8.393541423937982e-19,1.0
0.41000000000000003,0.0002572295653607282,0.0002572295653607304,0.0077180965670905245,0.0002594562994873225,8.393541423937982e-19,1.0
0.42000000000000004,0.0002971632324619473,0.0002971632324619499,0.008433578233842639,0.0002998173917477792,8.393541423937982e-19,1.0
0.43,0.00034213420918844035,0.00034213420918844333,0.00920218276386006,0.0003452803099041374,4.196770711968991e-19,1.0
0.44,0.0003926392296491121,0.00039263922964911566,0.01002715156593323,0.0003963484263663222,1.2590312135906975e-18,1.0
0.45,0.0004492114658086092,0.00044921146580861296,0.010911892994266858,0.00045356147814115585,0.0,1.0
0.46,0.0005124220487458338,0.0005124220487458381,0.011859994312680538,0.000517497277567721,1.2590312135906975e-18,1.0
0.47000000000000003,0.000582882316021553,0.0005828823160215578,0.012875223009558753,0.0005887734623799725,1.6787082847875965e-18,1.0
0.48000000000000004,0.0006612456037363219,0.0006612456037363275,0.013961540257690846,0.0006680492850965994,8.393541423937982e-19,1.0
0.49,0.0007482092138148137,0.0007482092138148206,0.015123102974954042,0.0007560274417381356,8.393541423937982e-19,1.0
0.5,0.0008445168027867069,0.0008445168027867141,0.016364273082316715,0.0008534559398713231,8.393541423937982e-19,1.0
0.51,0.0009509608835637145,0.0009509608835637227,0.01768962948593075,0.0009611300059807202,0.0,1.0
0.52,0.0010683841950246949,0.0010683841950247042,0.019103967922673784,0.001079894032167564,0.0,1.0
0.53,0.001197683676162023,0.0011976836761620332,0.020612314938434278,0.0012106435621758796,8.393541423937982e-19,1.0
0.54,0.001339811859733621,0.001339811859733633,0.02221993294215153,0.0013543273167458414,0.0,1.0
0.55,0.0014957802310163054,0.0014957802310163186,0.023932329734749097,0.0015119492582943816,2.518062427181395e-18,1.0
0.56,0.0016666616256907393,0.0016666616256907536,0.025755266050434697,0.0016845706949230501,1.6787082847875965e-18,1.0
0.5700000000000001,0.0018535940308353714,0.0018535940308353877,0.027694758164017393,0.0018733124237531242,2.518062427181395e-18,1.0
0.5800000000000001,0.002057782729287938,0.002057782729287956,0.02975709732517735,0.002079356913587966,8.393541423937982e-19,1.0
0.59,0.002280505071693348,0.0022805050716933678,0.03194884296101971,0.002303950526902631,8.393541423937982e-19,1.0
0.6,0.0025231126222683407,0.002523112622268364,0.0342768406440597,0.002548405781160732,2.518062427181395e-18,1.0
0.61,0.0027870365213132336,0.0027870365213132583,0.036748227196666795,0.0028141036494585387,1.6787082847875965e-18,1.0
0.62,0.003073789562470506,0.003073789562470533,0.03937043182176344,0.0031024959004963383,0.0,1.0
0.63,0.003384973635425907,0.003384973635425937,0.04215118913379225,0.003415107477877046,0.0,1.0
0.64,0.0037222795481269473,0.00372227954812698,0.04509854528328596,0.003753538918732058,1.6787082847875965e-18,1.0
0.65,0.004087496311074692,0.004087496311074729,0.04822086107628247,0.004119468811674362,1.6787082847875965e-18,1.0
0.66,0.004482514964716356,0.004482514964716397,0.05152681016785382,0.00451465629407889,5.03612485436279e-18,1.0
0.67,0.004909333168864034,0.004909333168864079,0.05502539906737767,0.004940943588690128,3.357416569575193e-18,1.0
0.68,0.0053700620877651485,0.005370062087765196,0.058725959389420636,0.00540025857955697,5.03612485436279e-18,1.0
0.6900000000000001,0.005866931509544053,0.005866931509544106,0.06263815599942404,0.005894617427294823,0.0,1.0
0.7000000000000001,0.006429212750661293,0.006354603181305825,0.06702306624920716,0.006426127223674966,6.571354280785391e-05,0.9944380500000001
0.7100000000000001,0.007011360550211578,0.006920720690904398,0.07143527542896624,0.00699698868554115,7.644131821044197e-05,0.9938143084150001
0.72,0.007637739831401264,0.007529382043020856,0.07609323405372412,0.007609498888053448,8.753914377588213e-05,0.9932232806400001
0.73,0.00831117011446972,0.008183300734627403,0.08100801630581872,0.00826605403725939,9.899560462359456e-05,0.9926640306150001
0.74,0.009034629639643292,0.008885345788718385,0.0861910411156595,0.008969152281992271,0.00011079822778343952,0.9921356202399999
0.75,0.009811265774021563,0.009638550151822788,0.09165404014049508,0.009721396565096789,0.00012293516711298674,0.991637109375
0.76,0.010644403855476698,0.0104461211992852,0.09740907299797565,0.010525497513981883,0.00013539345102271734,0.99116755584
0.77,0.011537560206456942,0.011311451549598917,0.10346849922731592,0.01138427637050084,0.00014816068483070087,0.990726015415
0.78,0.012494446627590165,0.012238128166911248,0.10984498896453646,0.012300667960158659,0.0001612218936253788,0.9903115418399999
0.79,0.013518995090009726,0.01322994822432404,0.11655150428124074,0.013277723700646627,0.00017456492777887734,0.989923186815
0.8,0.014615352558267892,0.01429092110480802,0.12360128129097041,0.014318614649704204,0.00018817583487935508,0.9895600000000001
0.81,0.015787912484382653,0.01542530016630437,0.13100781664689526,0.0154266345923081,0.00020203895166193356,0.9892210290150001
0.8200000000000001,0.017041315021963762,0.016637571363807422,0.13878487654844235,0.01660520316718864,0.00021614296238686283,0.9889053194399999
0.8300000000000001,0.018380471771883865,0.017932491488797126,0.14694642548500667,0.017857869032673366,0.00023047325961698316,0.9886119148149999
0.8400000000000001,0.01981057067449883,0.019315087800197413,0.15550664667788103,0.01918831307185787,0.00024501509851205595,0.9883398566399999
0.85,0.02133710308977073,0.020790677827231693,0.16447992741630418,0.020600351637103907,0.00025975652171798515,0.988088184375
0.86,0.02296588171910855,0.022364886263817975,0.17388078792898046,0.022097939833864794,0.0002746886071475645,0.98785593544
0.87,0.024703034935318488,0.024043658909583984,0.18372388912955645,0.023685174843837913,0.00028979601280573064,0.987642145215
0.88,0.026555064622567556,0.02583328594687999,0.19402401267546499,0.025366299287444622,0.00030507260444932716,0.98744584704
0.89,0.028528834298783372,0.02774041999241229,0.20479598005053923,0.02714570462563736,0.0003205073882579819,0.9872660722150002
0.9,0.030631596222950495,0.029772085604294403,0.21605467294423866,0.029027934601033974,0.00033609242874104567,0.9871018500000002
0.91,0.03287101641033553,0.03193570600866277,0.227814959989158,0.03101768871837933,0.0003518211837645018,0.986952207615
0.92,0.0352552010963609,0.03423912054963339,0.24009167719346583,0.03311982576433414,0.0003676917096757381,0.9868161702400001
0.93,0.03779270491950636,0.03669060300561124,0.25289959911345744,0.035339367366591115,0.00038370194790152004,0.9866927610150001
0.9400000000000001,0.040492556611253866,0.03929888693176806,0.2662533770958069,0.03768150159231824,0.00039984979337121717,0.9865810010400001
0.9500000000000001,0.043364286305535016,0.042073173809127694,0.28016747828002836,0.04015158658592944,0.0004161392966049581,0.9864799093750001
0.9600000000000001,0.04641794448763342,0.04502317155255563,0.29465623245294464,0.04275515424618236,0.0004325727680627276,0.9863885030400001
0.97,0.04966412849574741,0.04815909261731248,0.3097336821897787,0.04549791394260351,0.00044916036330324875,0.9863057970150001
0.98,0.053113994975006316,0.05149167591323703,0.32541358209520543,0.04838575627124068,0.00046591526830913485,0.98623080424
0.99,0.05677930093583738,0.055032245869514405,0.3417094285402462,0.05142475684974234,0.0004828472433065512,0.986162535615
1.0,0.060672392895957626,0.05879264374272168,0.35863427310222484,0.054621180151764676,0.0004999801601086373,0.9861000000000001
1.01,0.06480626173978864,0.06278535607553282,0.37620083649655495,0.0579814833807056,0.0005173282478495373,0.986042204215
1.02,0.06919453653029753,0.06702342046157911,0.39442133436808297,0.06151232038276609,0.0005349211851453845,0.98598815304
1.03,0.07385153194341022,0.07152052108994313,0.4133076068718856,0.06522054559933885,0.0005527883334203419,0.9859368492149999
1.04,0.07879225446956498,0.07629095714008359,0.43287088220250697,0.0691132180587241,0.0005709682857254579,0.98588729344
1.05,0.08403237656151662,0.08134967199391607,0.45312196901690366,0.07319760540717264,0.0005894928159614935,0.9858384843750001
1.06,0.0895883391709745,0.08671225130727822,0.4740710335590238,0.0774811879792563,0.0006084121136398501,0.9857894186399999
1.07,0.09547727870634465,0.09239493113703157,0.4957277517097178,0.08197166290756544,0.0006277727753871722,0.985739090815
1.08,0.10171710017356234,0.09841461342882396,0.5181011956135396,0.08667694827173385,0.0006476300978644331,0.98568649344
1.09,0.108326457558172,0.10478885118359363,0.5411998333313239,0.0916051872867908,0.0006680449379093201,0.985630617015
1.1,0.11532476159395756,0.11153583124360429,0.5650316204000077,0.09676475253084042,0.0006890868199354206,0.98557045
1.11,0.12273220532161438,0.11867442266954054,0.5896038791893029,0.10216425021206828,0.0007108273875254829,0.985504978815
1.12,0.1305697313768344,0.12622410301340764,0.6149234512251869,0.10781252447507521,0.000733346827787361,0.9854331878400002
1.1300000000000001,0.13885905212016358,0.1342049975812893,0.6409965813832879,0.11371866174653847,0.0007567270146845286,0.9853540594150003
1.1400000000000001,0.14762268792217367,0.14263782869953512,0.6678290831011093,0.11989199512019995,0.0007810676850443947,0.9852665738400002
1.1500000000000001,0.15688386724161046,0.15154389573844937,0.6954262482444495,0.12634210878118196,0.0008064671273480432,0.9851697093749999
1.1600000000000001,0.1666665786631649,0.1609450683690453,0.7237930351229409,0.13307884246962984,0.0008330316035461123,0.9850624422400003
1.17,0.17699562875839736,0.17086378626365417,0.7529340540238058,0.14011229598368213,0.0008608807298009718,0.9849437466150002
1.18,0.18789643805708417,0.18132294147167916,0.7828535554891805,0.14745283372176837,0.0008901334687606586,0.98481259464
1.19,0.19939522195776618,0.19234590070459237,0.8135556497581239,0.1551110892642328,0.0009209283368283392,0.9846679564149999
1.2,0.2115188939430958,0.20395652361241984,0.845044307884885,0.16309796999428686,0.0009534015919348099,0.9845088000000001
1.21,0.22429494488764476,0.21617893560650492,0.8773234362062803,0.17142466175828808,0.000987703724084362,0.984334091415
1.22,0.23775169850226283,0.229037720284728,0.910396982327087,0.18010263356534648,0.0010240007836058264,0.9841427946400002
1.23,0.25191791135737246,0.24255771259074105,0.9442690042825764,0.18914364232625802,0.0010624485003600322,0.9839338716150001
1.24,0.2668230307703397,0.2567638882872261,0.9789438598225552,0.19855973763176565,0.001103236943620929,0.9837062822400001
1.25,0.282497094149153,0.2716815593715929,1.0144261717676,0.20836326657014723,0.0011465479284672323,0.9834589843749999
1.26,0.2989706013116802,0.28733607322392524,1.0507209907859067,0.21856687858413093,0.0011925719616293503,0.9831909338400001
1.27,0.3162746975162072,0.30375275264561896,1.0878339883871013,0.22918353036713784,0.0012415431444304707,0.9829010844150002
1.28,0.3344408188442832,0.3209571077162842,1.125771358022417,0.24022649079885172,0.0012936530250514098,0.98258838784
1.29,0.3535010057783999,0.3389744068046276,1.164540136520521,0.25170934592011623,0.0013491478235732577,0.9822517938149999
1.3,0.3734875783418271,0.35782981601619757,1.2041481839587491,0.26364600394715915,0.0014082650161157345,0.9818902499999999
1.31,0.3944333550279355,0.37754831251059745,1.2446041842789017,0.276050700325144,0.0014712633144326442,0.9815027020150001
1.32,0.4163714433059704,0.3981546109409324,1.2859180321361228,0.288938002821049,0.0015384049910389414,0.9810880934400001
1.33,0.4393351284522275,0.4196730959446482,1.3281005581349326,0.30232281665587274,0.0016099502338435456,0.980645365815
1.34,0.46335819006430407,0.442127543743353,1.371163894382003,0.31622038967616817,0.0016862108766708352,0.9801734586399999
1.35,0.4884744732217423,0.46554144596940633,1.4151213360539066,0.3306463175649027,0.0017674721742132987,0.9796713093750001
1.36,0.5147181352769625,0.4899375938996206,1.459987533643004,0.3456165490916461,0.0018540517813265096,0.9791378534400004
1.37,0.5421233334031575,0.5153381276581154,1.505778671518738,0.3611473914020857,0.0019462656464685375,0.9785720242150001
1.3800000000000001,0.5707246188730906,0.5417645439978924,1.5525121478046744,0.3772555153468687,0.002044457524652225,0.9779727530399999
1.3900000000000001,0.6005562935353672,0.569237461581449,1.6002068445350262,0.3939579608497718,0.002148952927382927,0.9773389692150002
1.4000000000000001,0.6316531672463467,0.5977766180507041,1.648883226117162,0.4112721423151978,0.002260131495511556,0.9766696
1.4100000000000001,0.6640496156160269,0.6274007891317516,1.6985632756348534,0.42921585407500007,0.0023783461645678415,0.9759635706149999
1.42,0.6977804034821838,0.6581278476296979,1.7492703696711576,0.4478072758746331,0.002503971442282734,0.9752198042400002
1.43,0.7328799878132843,0.689974286855605,1.8010294184438183,0.467064978398633,0.002637401527674742,0.9744372220149999
1.44,0.7693829445363114,0.72295571560364,1.8538670738419725,0.48700792883542066,0.002779023273817673,0.9736147430400003
1.45,0.8073235916066903,0.7570863537226847,1.9078113000627617,0.5076554964814366,0.002929232630536852,0.9727512843750001
1.46,0.8467363043792753,0.7923790062879007,1.9628913956325316,0.529027458384601,0.003088450034668931,0.9718457610400001
1.47,0.8876551415116811,0.8288451750398559,2.0191383573220785,0.5511440050271008,0.003257087177799634,0.9708970860149999
1.48,0.9301141007773028,0.866494878300591,2.076584345778519,0.5740257460475053,0.0034355666566061424,0.96990417024
1.49,0.9741467351917109,0.9053365826501346,2.135262993204306,0.5976937160022078,0.0036242983724201747,0.968865922615
1.5,1.0226223420311154,0.9409493803466494,2.199506853277113,0.6221693801661945,0.004195330016049034,0.9646504406249999
1.51,1.0696177053381828,0.9826370525812943,2.2602814272755793,0.6474746403731421,0.004360565576961824,0.9639518083123905
1.52,1.1182066837102451,1.0256569143114502,2.32229112154648,0.6736318408948405,0.0045294237881226,0.9632529599508479
1.53,1.1684125271672094,1.070024488808279,2.3855637774158356,0.7006637743599451,0.004701829944195424,0.9625538986474304
1.54,1.220258205709575,1.115754861485779,2.450127274396714,0.7285936877120538,0.004877693506154139,0.961854627499368
1.55,1.273765045632829,1.1628614192232798,2.5160101544449955,0.757445288207114,0.005056936316434958,0.9611551495940623
1.56,1.3289534169503443,1.2113570212284464,2.583240240239862,0.7872427494501542,0.005239437550956895,0.9604554680090879
1.57,1.3858427859581612,1.261253265438455,2.651846113101483,0.8180107174713444,0.005425082106532875,0.9597555858121904
1.58,1.4444514108810818,1.312561216061185,2.7218550690218,0.8497743168413842,0.005613724230984921,0.959055506061288
1.59,1.5047961013838598,1.3652898925195112,2.7932948085426026,0.8825591568262163,0.005805232681878942,0.9583552318044705
1.6,1.5668923660479175,1.419447935902782,2.866192209417729,0.916391337581069,0.005999432368187942,0.95765476608
1.61,1.630754500852619,1.4750424812679133,2.9405737660200715,0.9512974563838252,0.006196155635255017,0.9569541119163105
1.62,1.6963954995381343,1.5320797450182513,3.0164652077223923,0.9873046139077184,0.006395206144679249,0.9562532723320079
1.6300000000000001,1.7638264430364001,1.590564570127794,3.093890874210808,1.0244404205333568,0.006596364297698102,0.9555522503358704
1.6400000000000001,1.8330577227079323,1.6505004395208642,3.172875016175134,1.062733002700073,0.006799447818540405,0.9548510489268479
1.6500000000000001,1.9040974758707592,1.7118897821164867,3.253440152416715,1.1022110092966044,0.007004208641254021,0.9541496710940625
1.6600000000000001,1.97695241744558,1.7747339750981295,3.335608099775392,1.1429036180910954,0.007210390438983487,0.953448119816808
1.6700000000000002,2.0516277169988233,1.8390327572077299,3.419399162527278,1.1848405422004327,0.007417724056024011,0.9527463980645504
1.68,2.1281272347578257,1.9047845027867507,3.504832354408225,1.2280520365989027,0.007625983534038932,0.952044508796928
1.69,2.206452558560704,1.971986951600947,3.591925164531634,1.2725689046661828,0.007834841768370921,0.9513424549637505
1.7,2.2866038199020364,2.0406356646467625,3.6806936104298176,1.31842250477465,0.008044026682618737,0.950640239505
1.71,2.3685798216760894,2.1107256872888267,3.771152623074966,1.3656447569160266,0.008253226547658029,0.9499378653508304
1.72,2.452376658726682,2.1822502499134417,3.8633147654602156,1.4142681493673468,0.008462105742480632,0.9492353354215678
1.73,2.537989810893781,2.2552013864483196,3.9571915213980082,1.4643257453962546,0.008670371390617696,0.9485326526277104
1.74,2.625411788006445,2.329569940581306,4.052792017896189,1.5158511900056264,0.008877647562734889,0.9478298198699279
1.75,2.7146338869076567,2.4053458615744763,4.150124185619014,1.56887871671752,0.009083588270736836,0.9471268400390624
1.76,2.8056461336737617,2.4825169648827274,4.24919384435068,1.6234431543964558,0.009287868572684873,0.946423716016128
1.77,2.8984357919411843,2.5610705239008844,4.350005014647703,1.6795799341120183,0.009490099185023462,0.9457204506723105
1.78,2.9929890451151873,2.640992111993974,4.452559872851668,1.737325096040791,0.0096899250852257,0.945017046868968
1.79,3.089289557710014,2.7222664795732534,4.556858738365688,1.7967152964076147,0.009886946605330535,0.9443135074576305
1.8,3.1873197163739286,2.8048768172328895,4.6629001630093745,1.8577878144661744,0.010080812417125745,0.9436098352799998
1.81,3.2870598983253725,2.888805692593311,4.770680629336431,1.9205805595189138,0.010271087253263244,0.9429060331679504
1.82,3.3884895131209865,2.974034128008286,4.88019507805005,1.985132077976277,0.010457421279958449,0.942202103943528
1.83,3.4915849627649242,3.0605416319979764,4.991436229519054,2.0514815604552754,0.010639427215501405,0.9414980504189505
1.84,3.5963219567828846,3.1483076111333035,5.104395703916926,2.119668848917385,0.010816679845149542,0.940793875396608
1.85,3.702673904950427,3.237310029194531,5.2190625699508635,2.1897344438457704,0.010988791330297972,0.9400895816690624
1.86,3.8106133590570623,3.327525075780283,5.335424735962379,2.2617195114618314,0.011155390363534782,0.9393851720190479
1.87,3.9201100588352755,3.41892901408251,5.4534678688983504,2.335665890981085,0.011316050271924633,0.9386806492194704
1.8800000000000001,4.031133353935377,3.5114965878050364,5.573176741890497,2.4116161019083675,0.011470405138637518,0.9379760160334079
1.8900000000000001,4.143650480977481,3.6052018590405237,5.694534143669269,2.489613351372367,0.011618049417623892,0.9372712752141104
1.9000000000000001,4.257627055407429,3.7000177962128116,5.8175209991105135,2.569701541499484,0.011758593524815049,0.9365664295049999
1.9100000000000001,4.373028096534332,3.795917069367929,5.9421174785982425,2.6519252768270154,0.011891670070635608,0.9358614816396705
1.9200000000000002,4.489815880910346,3.892870404818505,6.068302207145026,2.736329871755671,0.012016889581923694,0.935156434341888
1.93,4.607953091240545,3.990849037067346,6.196051918822628,2.822961358041412,0.012133896995951505,0.9344512903255905
1.94,4.7273995609691335,4.089822904527895,6.325342344251789,2.9118664923266246,0.012242315968234104,0.9337460522948879
1.95,4.8481147334444135,4.189761214859113,6.456148422443205,3.003092763710609,0.012341790956805055,0.9330407229440625
1.96,4.9700569983012395,4.2906325660173685,6.588443343195929,3.0966884013594034,0.012432001368229315,0.9323353049575679
1.97,5.093181597239646,4.39240441411322,6.722200217730474,3.192702382154938,0.012512557779256655,0.9316298010100305
1.98,5.217446690542116,4.495044955901478,6.857389970182037,3.29118443838351,0.012583189813187507,0.930924213766248
1.99,5.34280510747481,4.598520167146446,6.99398355143015,3.3921850654635866,0.012643520468125361,0.9302185458811905
2.0,5.469210998021323,4.702796926635505,7.131950277166363,3.4957555297129392,0.0126932694351647,0.9295128
2.01,5.596617844929975,4.807840202653557,7.271259594129646,3.6019478761551,0.012732155497413303,0.9288069787579906
2.02,5.7249769723644945,4.913615973087993,7.411879321839376,3.7108149363651584,0.012759873070979687,0.9281010847806479
2.03,5.854238913725801,5.020088542753004,7.553777008402178,3.8224103363548485,0.012776138709414105,0.9273951206836304
2.04,5.984354472949685,5.1272223650935,7.696919878670811,3.93678850449703,0.012780696247775386,0.926689089072768
2.05,6.115272760334059,5.23498072868583,7.841274301978364,4.0540046794894105,0.012773311373598833,0.9259829925440624
2.0599999999999996,6.246943115249884,5.34332745330583,7.986806292345767,4.174114918357681,0.012753755331256035,0.9252768336836881
2.07,6.379312583683161,5.45222662393549,8.133481292773212,4.297176104497922,0.012721764028742106,0.9245706150679905
2.0799999999999996,6.512329526698223,5.561639587984772,8.281264898006217,4.423245955758336,0.012677169395122779,0.9238643392634879
2.09,6.645938948355612,5.671529191042639,8.430121586669754,4.552383032560364,0.012619734450897766,0.9231580088268704
2.0999999999999996,6.780089241958679,5.781857462808389,8.580016563351425,4.684646746059043,0.012549325691880723,0.922451626305
2.11,6.914723592082762,5.892585248757446,8.73091349131553,4.820097366342787,0.01246575442657604,0.9217451942349105
2.1199999999999997,7.049788723393926,6.003675835734344,8.882777258050455,4.958796030672397,0.01236883634721293,0.9210387151438079
2.13,7.1852279398700505,6.115089249429293,9.035571903793398,5.100804751759493,0.012258415171491649,0.9203321915490705
2.1399999999999997,7.320986850096385,6.226785560568529,9.189261501276683,5.246186426084182,0.012134453573631567,0.9196256259582479
2.15,7.457007991783108,6.338726944514032,9.343809492157677,5.395004842252146,0.011996740843081407,0.9189190208690624
2.1599999999999997,7.593235014917515,6.45087244694271,9.499180426678217,5.54732468939096,0.011845229514908531,0.918212378769408
2.17,7.7296107851236755,6.563181542897374,9.655338235186486,5.703211565585838,0.011679840776576755,0.9175057021373505
2.1799999999999997,7.866077553170311,6.675616655402633,9.81224686065697,5.862731986354604,0.011500422261194654,0.9167989934411279
2.19,8.002577964692883,6.788134734119202,9.969869701821766,6.025953393162095,0.011306994502229505,0.9160922551391505
2.1999999999999997,8.139054668182437,6.900696050843437,10.128171881498904,6.192944161973779,0.011099499081530689,0.91538548968
2.21,8.27544931709634,7.0132595960113,10.287117100756987,6.363773611848824,0.010877911609956955,0.9146786995024304
2.2199999999999998,8.411701920043866,7.125785079085037,10.446670021844117,6.538512013572362,0.010642155431835913,0.913971887035368
2.23,8.547756213053988,7.23823011954459,10.60679531697604,6.7172305983272125,0.010392279575943093,0.9132650546979104
2.2399999999999998,8.683551713620215,7.350554746177358,10.76745714992763,6.900001566404806,0.010128241078410033,0.9125582048993279
2.25,8.819030171514967,7.462715849486631,10.928620237588202,7.08689809595556,0.009850137093382694,0.9118513400390624
2.26,8.954132778008962,7.574672862621876,11.09025109505368,7.277994351778453,0.00955792188721172,0.911144462506728
2.27,9.088799995150522,7.686383496214139,11.252313616213172,7.4733654941500625,0.009251653012227582,0.9104375746821105
2.28,9.222973803416052,7.797806507218423,11.41477338187712,7.673087687692788,0.008931442901493678,0.9097306789351679
2.29,9.356593210780716,7.9088986553857845,11.577597584177033,7.877238110282543,0.008597287685595468,0.9090237776260305
2.3,9.489600703036698,8.019619068054611,11.740750550975758,8.085894961995635,0.008249306443989603,0.9083168731049999
2.31,9.621937869613632,8.129924253875343,11.90420107039588,8.299137474095113,0.007887605496082722,0.9076099677125504
2.32,9.75354502808241,8.239773203385772,12.067913185163926,8.5170459180563,0.007512276226544317,0.906903063779328
2.3299999999999996,9.88436312651366,8.349122863215994,12.231855373124317,8.739701614631784,0.007123429799669073,0.9061961636261505
2.34,10.014334128176761,8.457931262638759,12.395995534268271,8.967186942955657,0.006721203134500034,0.905489269564008
2.3499999999999996,10.143398962117663,8.56615680271647,12.560299393025282,9.199585349687059,0.006305703156945937,0.9047823838940625
2.36,10.271499272419483,8.673755190269567,12.72473687822392,9.436981358193176,0.005877116924739042,0.904075508907648
2.3699999999999997,10.3985783584534,8.780686250662336,12.889276440010663,9.67946057777138,0.005435572514817894,0.9033686468862705
2.38,10.524579162566333,8.88690756648812,13.053886457022388,9.9271097129109,0.004981294910375366,0.902661800101608
2.3899999999999997,10.649441790077175,8.992376755778116,13.218535464091154,10.18001657259361,0.004514365259244778,0.9019549708155105
2.4,10.773111476323365,9.097050978883297,13.383194976062196,10.438270079634359,0.004035067140188111,0.90124816128
2.4099999999999997,10.895530258993277,9.20088972448437,13.54783366483299,10.701960280060415,0.003543556698197519,0.9005413737372705
2.42,11.016644843174417,9.303850908217854,13.712423817971514,10.971178352530437,0.003040055036373331,0.8998346104196879
2.4299999999999997,11.136396445673926,9.40589255408022,13.87693412298649,11.246016617792593,0.0025247806557118597,0.8991278735497905
2.44,11.254732334085165,9.506973868261001,14.041338448508332,11.526568548182174,0.0019979611629910173,0.8984211653402879
2.4499999999999997,11.371597318730247,9.60705473539565,14.205608232022907,11.81292877715836,0.0014598133935181416,0.8977144879940625
2.46,11.486937038320955,9.706092853109778,14.36971626326842,12.105193108880513,0.0009105883282879266,0.897007843704168
2.4699999999999998,11.600697035585643,9.804048465672679,14.533635286379821,12.40345852782357,0.0003505020907790192,0.8963012346538305
2.48,11.712828792810958,9.900882064309307,14.697339983832073,12.707823208433002,-0.00022011745295164473,0.895594663016448
2.4899999999999998,11.82327578897275,9.996552989863913,14.860804468155616,13.018386524818869,-0.0008010744938632689,0.8948881309555904
2.5,11.931990039079327,10.091021353909206,15.024003405997048,13.335249060489422,-0.0013920148913763276,0.8941816406249999
2.51,12.038919003610102,10.184249462063718,15.186912989487183,13.65851261812382,-0.0019927530637126227,0.8934751941685904
2.52,12.144015319936042,10.276197357427327,15.349509989771631,13.98828022938438,-0.0026029646968476366,0.8927687937204479
2.53,12.247227812415613,10.366827319397842,15.511770613878843,14.32465616476795,-0.003222361697852774,0.8920624414048304
2.54,12.348510431156846,10.45610279724741,15.673673171139967,14.667745943496822,-0.003850641082644787,0.8913561393361681
2.55,12.44781464955373,10.543983752864408,15.835195588503607,15.017656343448744,-0.004487529806944185,0.8906498896190623
2.56,12.545093854400422,10.630436162125935,15.996316300694568,15.37449541112651,-0.00513271077164085,0.8899436943482879
2.57,12.640305724045865,10.715421285238365,16.15701686996783,15.738372471666601,-0.005785856730414373,0.8892375556087904
2.5799999999999996,12.733403728728662,10.798905611655897,16.317276633648188,16.10939813888742,-0.006446676644645654,0.888531475475688
2.59,12.824344343223885,10.88085260166741,16.477077360437445,16.487684325376694,-0.007114859035895988,0.8878254560142704
2.5999999999999996,12.913085978472994,10.96122878589387,16.636400361133955,16.87334425261817,-0.007790098134502467,0.88711949928
2.61,12.99958732176127,11.039999398035457,16.795229691504613,17.26649246115783,-0.008472021039754609,0.8864136073185105
2.6199999999999997,13.083808931361583,11.117130591723669,16.953548130723323,17.6672448208092,-0.009160328018391681,0.885707782165608
2.63,13.165711392672806,11.192591556945395,17.111341776339554,18.0757185408982,-0.009854725898504049,0.8850020258472705
2.6399999999999997,13.245481857379184,11.266735859941592,17.268591907597507,18.492032180547117,-0.010547910758472237,0.8842963403796479
2.65,13.322647742503067,11.338783687060706,17.42528815835869,18.916305658998112,-0.01125300735365725,0.8835907277690624
2.6599999999999997,13.397382911203593,11.409069327994903,17.581417181591007,19.348660265975838,-0.011963225736054215,0.8828851900120079
2.67,13.46965606407197,11.477560805457006,17.73696645078823,19.789218672089632,-0.012678134805029677,0.8821797290951504
2.6799999999999997,13.539430402748383,11.544230075208805,17.891923519300235,20.238104939274745,-0.01339747691224689,0.8814743469953279
2.69,13.606675179853749,11.609048054965248,18.04628007625581,20.695444531273218,-0.01412089023301699,0.8807690456795504
2.6999999999999997,13.671360679915148,11.67198816682802,18.200025090940883,21.16136432415375,-0.014848032383087278,0.880063827105
2.71,13.73345476827058,11.733022774400618,18.35315043298641,21.63599261687125,-0.01557861008055187,0.8793586932190304
2.7199999999999998,13.792929777012509,11.7921283316273,18.505647368073184,22.119459141865327,-0.016312283027076397,0.8786536459591681
2.73,13.849756771214775,11.849274691870615,18.65750923054105,22.611895075698524,-0.01704873686712917,0.8779486872531105
2.7399999999999998,13.90391081389617,11.904441759041127,18.80873021338189,23.113433049733462,-0.017787644134574374,0.8772438190187278
2.75,13.955366311335037,11.957604367453719,18.959305225247114,23.624207160849704,-0.01852864169885165,0.8765390431640624
2.76,14.004099202808941,12.008740244350703,19.109230166300293,24.144352982199575,-0.019271491524585016,0.875834361587328
2.77,14.050087605842723,12.057827709349985,19.25850040312882,24.67400757400368,-0.020015833887119357,0.8751297761769105
2.78,14.093307434896532,12.104843989696656,19.40711363068308,25.21330949438537,-0.02076136163512347,0.8744252888113679
2.79,14.133740972599453,12.149769788867427,19.555068948575837,25.762398810244918,-0.021507793869180784,0.8737209013594305
2.8,14.171366690702891,12.192586355126357,19.702364519886213,26.321417108172636,-0.022254794917394315,0.8730166156799999
2.81,14.206167718137086,12.233273646926165,19.84900024578482,26.890507505401715,-0.023002073757865216,0.8723124336221504
2.82,14.23812777336737,12.271814206305482,19.99497796425386,27.46981466079998,-0.02374937237145592,0.871608357025128
2.8299999999999996,14.267230769369199,12.308192465582334,20.140298321821938,28.05948478590138,-0.02449634581176187,0.8709043877183504
2.84,14.293460860401508,12.342391993541172,20.284964703829583,28.659665655976518,-0.025242798023190592,0.8702005275214081
2.8499999999999996,14.316806396073268,12.374394749419325,20.428979233777635,29.270506621142527,-0.02598833900294697,0.8694967782440626
2.86,14.3372537025677,12.404190062345997,20.57234678779409,29.89215861751251,-0.026732777642850397,0.868793141686248
2.8699999999999997,14.354792746358601,12.431761797244718,20.715072613915403,30.52477417838397,-0.027475836921732343,0.8680896196380705
2.88,14.369414588713427,12.457098220931012,20.857162119877874,31.168507445466922,-0.02821723367174192,0.8673862138798081
2.8899999999999997,14.381106346509847,12.480186753913285,20.99862083850154,31.82351418015093,-0.028956744290200023,0.8666829261819103
2.9,14.389864279783028,12.501017466236148,21.13945708247187,32.48995177481194,-0.02969407906869114,0.865979758305
2.9099999999999997,14.39568113965267,12.519579270731496,21.27967859123886,33.16797926415795,-0.030429018685929485,0.8652767119998704
2.92,14.398549924532784,12.535861370363158,21.41929497955792,33.85775733661446,-0.03116138233068236,0.8645737890074879
2.9299999999999997,14.398468642448217,12.549857892220029,21.558314759771196,34.55944834574885,-0.031890889515389875,0.8638709910589905
2.94,14.395430706137917,12.56155929027195,21.696747174796432,35.27321632173445,-0.0326172770545571,0.863168319875688
2.9499999999999997,14.389436671891756,12.570958353876872,21.834605372442386,35.9992269828536,-0.03334040845718176,0.8624657771690625
2.96,14.380483435854062,12.578049457552977,21.971899772333096,36.73764774704034,-0.034060078794328846,0.8617633646407679
2.9699999999999998,14.368570986143196,12.582826885483184,22.108642016598058,37.48864774346215,-0.03477606628520437,0.8610610839826306
2.98,14.353702256489411,12.58528638695138,22.244846770295656,38.2523978241413,-0.035488175019229684,0.8603589368766479
2.9899999999999998,14.335877900799396,12.585424668113804,22.380526963987208,39.02907057561519,-0.03619626320128561,0.8596569249949904
3.0,14.315099754348342,12.58323664228825,22.515696066327244,39.81884033063645,-0.03690010792775749,0.8589550499999999
3.01,14.291373656114823,12.578721709077469,22.65036888755819,40.62188317991185,-0.03759955942814751,0.8582533135441904
3.02,14.26470452552006,12.571878862271069,22.784561618616486,41.43837698388109,-0.03829444020460106,0.8575517172702479
3.03,14.235097099352492,12.56270571316418,22.918289639585705,42.26850138453436,-0.038984654045983114,0.8568502628110305
3.04,14.202557551391598,12.551203004766439,23.051568756874318,43.11243781726979,-0.039670043531913515,0.8561489517895681
3.05,14.167095071638617,12.53737205522211,23.184417736612655,43.97036952278965,-0.040350469876915075,0.8554477858190624
3.06,14.128718815312794,12.521214126794513,23.3168519605019,44.842481559036486,-0.0410257750085566,0.854746766502888
3.07,14.087439433385368,12.502729832283178,23.448892019227536,45.72896081316791,-0.041695891887068286,0.8540458954345904
3.08,14.04326784034925,12.481925683541037,23.580555511662897,46.62999601357144,-0.04236068071588977,0.853345174197888
3.09,13.996213691252871,12.458802011458669,23.711860187967204,47.545777741918,-0.043020068298539736,0.8526446043666704
3.0999999999999996,13.946291835231303,12.433367169052925,23.842825767446165,48.47649844525525,-0.043673927934587235,0.8519441875049999
3.11,13.893514410626034,12.405622146378105,23.97347289955023,49.42235244814,-0.04432222812922957,0.8512439251671104
3.1199999999999997,13.837900187958356,12.375576724465894,24.103823321776762,50.383535964809816,-0.04496483365393135,0.850543818897408
3.13,13.779460271003718,12.34323532822051,24.233894315227257,51.36024711139447,-0.045601732921002516,0.8498438702304705
3.1399999999999997,13.718213490164164,12.308605695611817,24.36371000426639,52.352685918165996,-0.0462328663320166,0.8491440806910479
3.15,13.654178309374975,12.271696986293467,24.493289406287513,53.36105434182883,-0.0468581488118429,0.8484444517940625
3.1599999999999997,13.587374534992303,12.23251804057321,24.622657169148283,54.385556277848536,-0.04747754146132841,0.8477449850446079
3.17,13.517816510954855,12.191076777919912,24.751831601057145,55.426397572820605,-0.048091051498161584,0.8470456819379505
3.1799999999999997,13.445531210241759,12.147385564616162,24.88083861303028,56.483786036877795,-0.04869861351400056,0.846346543959528
3.19,13.370536352752579,12.101454794636991,25.009698628003612,57.557931456137624,-0.049300280595618,0.8456475725849505
3.1999999999999997,13.292855961817,12.053297004465602,25.13843470707343,58.64904560518837,-0.04989596469261993,0.8449487692800001
3.21,13.212513183832822,12.002923892824642,25.267071434452564,59.75734225961518,-0.05048573848944596,0.8442501355006303
3.2199999999999998,13.12953688318171,11.950349143309197,25.395633577780952,60.883037208564765,-0.0510695636922396,0.8435516726929682
3.23,13.043945714637584,11.895586985321216,25.524139536335227,62.02634826735013,-0.05164747002162006,0.8428533822933105
3.2399999999999998,12.955769925020919,11.83865332637124,25.652617371457193,63.18749529009393,-0.05221954520686128,0.842155265728128
3.25,12.865041075619985,11.77956025170243,25.7810918769484,64.36670018241189,-0.05278573857466016,0.8414573244140624
3.26,12.771781992220095,11.71832802275091,25.909584708069215,65.56418691413477,-0.05334615582678102,0.8407595597579279
3.27,12.676025105512513,11.654971016638886,26.038121387124498,66.78018153207047,-0.05390082356347102,0.8400619731567104
3.28,12.577799960536954,11.589508233358595,26.166724871811258,68.01491217280463,-0.05444982480884868,0.8393645659975679
3.29,12.477141810860807,11.521957938346917,26.29542317065747,69.26860907554138,-0.054993229582431864,0.8386673396578306
3.3,12.374084200141022,11.452338117655373,26.42424004729025,70.54150459498261,-0.055531072606281685,0.8379702955049999
3.31,12.268656392471152,11.380671917757926,26.553197197233132,71.83383321424745,-0.05606349834185828,0.8372734348967504
3.32,12.160897861446655,11.306976319182997,26.682323044426713,73.14583155783004,-0.056590569931794336,0.8365767591809279
3.33,12.050845795975071,11.23127561170549,26.81164273877302,74.47773840459774,-0.05711241413733511,0.8358802696955504
3.34,11.938533404859415,11.153592068556428,26.941179028006896,75.82979470082763,-0.05762916505925172,0.835183967768808
3.3499999999999996,11.824005788370316,11.073947431128522,27.0709595856677,77.20224357328318,-0.05814088969533686,0.8344878547190624
3.36,11.707297213693888,10.99236555822499,27.201006442135675,78.59533034232977,-0.0586477543092536,0.833791931854848
3.3699999999999997,11.588452921596017,10.908872253990797,27.331347838414537,80.00930253508946,-0.059149897838128074,0.8330962004748705
3.38,11.467512982247461,10.823492349847783,27.462006452393837,81.4444098986357,-0.059647423171002696,0.8324006618680081
3.3899999999999997,11.344522211173807,10.736252146406434,27.593009512748296,82.90090441322644,-0.06014052449516542,0.8317053173133104
3.4,11.219527534902088,10.647178229325279,27.72438203049405,84.3790403055776,-0.060629380425104816,0.83101016808
3.4099999999999997,11.092572049909165,10.556300847112496,27.856147896147316,85.87907406217485,-0.061114109604302094,0.8303152154274706
3.42,10.963703027508313,10.463645790333802,27.988331182323144,87.4012644426257,-0.06159497907543256,0.8296204606052879
3.4299999999999997,10.832973846214507,10.369243752357857,28.120960047218546,88.94587249304988,-0.062072078766517144,0.8289259048531904
3.44,10.700429322748015,10.27312505638644,28.254056692361665,90.5131615595102,-0.06254564109147591,0.8282315494010879
3.4499999999999997,10.566123191650728,10.17532200043048,28.387645402959812,92.10339730148152,-0.06301591030911056,0.8275373954690625
3.46,10.430106673144103,10.07586517035176,28.521752340726326,93.7168477053603,-0.06348303099626317,0.8268434442673679
3.4699999999999998,10.292437238673953,9.974788733985282,28.65640266335547,95.35378309801216,-0.06394726315884228,0.8261496969964305
3.48,10.153167543124283,9.872125100560138,28.791618984686647,97.01447616036009,-0.06440883957176273,0.825456154846848
3.4899999999999998,10.012354587186309,9.767908841972293,28.927424513442794,98.69920194101074,-0.06486795530109842,0.8247628189993904
3.5,9.870055525381009,9.662177253644845,29.063845608387187,100.40823786992128,-0.06532490998175478,0.8240696906249999
3.51,9.72633108456841,9.554964687312554,29.20090336122933,102.14186377210427,-0.06577987618526619,0.8233767708847903
3.52,9.581243469351136,9.446311156552888,29.338623520773528,103.90036188137317,-0.06623320678568104,0.8226840609300479
3.53,9.434853133093418,9.336251991186522,29.477028818238118,105.68401685412593,-0.06668509892159287,0.8219915619022304
3.54,9.287226394316967,9.224826639070494,29.61614312226682,107.49311578316917,-0.06713580981364269,0.821299274932968
3.55,9.138423616112235,9.112075196987549,29.755987382578937,109.32794821158036,-0.06758572057340947,0.8206072011440624
3.56,8.988513700164306,8.998040147855091,29.896584029642934,111.18880614661063,-0.06803501760014609,0.8199153416474879
3.57,8.837566927897733,8.882762409002137,30.03795800023861,113.0759840736257,-0.06848404499794566,0.8192236975453905
3.58,8.685647735604705,8.766281836348682,30.18012779404974,114.98977897008734,-0.0689331129702013,0.818532269930088
3.59,8.532830736197887,8.648644206155454,30.323117472802124,116.93049031957283,-0.06938247486845026,0.8178410598840704
3.5999999999999996,8.379188467549636,8.52989458783975,30.466948674023698,118.89842012583509,-0.06983248227786334,0.81715006848
3.61,8.224790948464861,8.410077217727823,30.611639725417543,120.89387292690121,-0.07028349120145139,0.8164592967807105
3.6199999999999997,8.069715176016954,8.28923732652958,30.757214104953363,122.91715580921041,-0.07073580007636444,0.815768745839208
3.63,7.914037054564787,8.167424312465693,30.903688565684124,124.96857842179203,-0.0711897063623292,0.8150784166986705
3.6399999999999997,7.757834690735068,8.044684152217464,31.051086655223244,127.04845299048164,-0.0716456109302921,0.8143883103924479
3.65,7.601189015610677,7.921066676182056,31.199426051245872,129.15709433217796,-0.07210380591564487,0.8136984279440624
3.6599999999999997,7.444176356560685,7.796620326308876,31.348725642135644,131.2948198691375,-0.07256470678886802,0.813008770367208
3.67,7.286883411698631,7.671397046774518,31.499005820817533,133.4619496433102,-0.07302866160587579,0.8123193386657505
3.6799999999999997,7.129388143929508,7.545448026699915,31.650281430765776,135.65880633071254,-0.07349595907247977,0.811630133833728
3.69,6.971555730368026,7.4194085146814395,31.802965946694346,137.88571525584211,-0.07392604289074767,0.8109411568553505
3.6999999999999997,6.813882587524703,7.292139421611514,31.956302339140095,140.1430044061292,-0.07439889050907705,0.8102524087049999
3.71,6.656266939766136,7.164302816876899,32.11068951270622,142.43100444643002,-0.07487612882265877,0.8095638903472304
3.7199999999999998,6.498793124205765,7.035949647477308,32.26614093957719,144.7500487335571,-0.07535817240068068,0.8088756027367681
3.73,6.341552711761352,6.907138435876252,32.422674587763375,147.10047333085097,-0.07584536471457694,0.8081875468185105
3.7399999999999998,6.184637422593764,6.777923961152186,32.58030599373857,149.48261702278933,-0.076338154545013,0.807499723527528
3.75,6.0281367748850245,6.648365261901946,32.739046630998935,151.89682132963733,-0.07683696130990258,0.8068121337890625
3.76,5.8721434636225185,6.518518760065934,32.89891147562701,154.3434305221354,-0.07734205181232569,0.8061247785185279
3.77,5.716753593579693,6.388443535121607,33.05991704565462,156.8227916362283,-0.07785390970117657,0.8054376586215105
3.78,5.562059443464857,6.258198706961552,33.22207175808054,159.3352544878314,-0.07837301662519372,0.804750774993768
3.79,5.408159780792011,6.127845726864268,33.38539298944737,161.8811716876385,-0.07889966314971172,0.8040641285212305
3.8,5.255149635660523,5.99744563028882,33.549888354269655,164.46089865596687,-0.07943425072855016,0.8033777200799999
3.81,5.103126149757454,5.8670594330762205,33.71556993326964,167.07479363764347,-0.07997727823802453,0.8026915505363504
3.82,4.952189520298342,5.7367487990420205,33.88244881372096,169.72321771692887,-0.080529174741897,0.802005620746728
3.83,4.802437010485982,5.606578429198467,34.05053437482157,172.40653483248204,-0.08109022803155208,0.8013199315577504
3.84,4.653972318296012,5.476611419655066,34.219837271777386,175.12511179236284,-0.08166099438329165,0.8006344838062079
3.8499999999999996,4.506893197957551,5.346912742155626,34.39036139116241,177.87931828907554,-0.08224179606714974,0.7999492783190625
3.86,4.361301951297794,5.217547089071409,34.56212047290252,180.66952691465036,-0.08283313402957743,0.7992643159134479
3.8699999999999997,4.217301449242918,5.088579781263109,34.73511980421728,183.4961131757646,-0.08343534334039411,0.7985795973966705
3.88,4.074992010534281,4.960076209915632,34.909362996721484,186.35945550890398,-0.08404891740602162,0.7978951235662081
3.8899999999999997,3.934477178441048,4.83210586115414,35.08485740824948,189.25993529556177,-0.08467421516106823,0.7972108952097104
3.9,3.7958620557632643,4.704733190807093,35.26160865403351,192.19793687747898,-0.08531169007431626,0.7965269131049999
3.9099999999999997,3.6592476867350503,4.578027178232658,35.439621623201994,195.173847571922,-0.08596175028353387,0.7958431780200704
3.92,3.5247392445043677,4.452055121391116,35.61889814102579,198.18805768700182,-0.0866247881770652,0.795159690713088
3.9299999999999997,3.392439481981495,4.32688607991003,35.79944071221967,201.24096053702988,-0.08730131367647591,0.7944764519323905
3.94,3.2624538329771178,4.202589815890173,35.98125242242308,204.33295245791604,-0.08799164632937394,0.793793462416488
3.9499999999999997,3.1348825137833543,4.079234741384021,36.16433401954028,207.4644328226034,-0.08869616672359447,0.7931107228940626
3.96,3.009831623686577,3.9568887441008913,36.34868605419258,210.63580405654463,-0.08941535618930278,0.7924282340839679
3.9699999999999998,2.887404888575704,3.835624698904653,36.534308058737125,213.8474716532154,-0.09014960174150266,0.7917459966952304
3.98,2.7677047933670735,3.7155112210492995,36.72120139702451,217.09984418966954,-0.09089924574699623,0.791064011427048
3.9899999999999998,2.6508336969941455,3.5966185701043036,36.909359930945655,220.3933333421311,-0.09166472409789136,0.7903822789687904
4.0,2.5368922070532784,3.4790161338192003,37.09878422916306,223.7283539016281,-0.09244643328869503,0.7897007999999999
4.01,2.4259845972859906,3.3627765413458843,37.28946792102339,227.1053237896633,-0.09324467961860075,0.7890195751903905
4.02,2.318210122675884,3.2479693776659433,37.4814097322511,230.5246640739264,-0.09405993827643745,0.7883386051998479
4.03,2.213668996754814,3.1346657383606056,37.674602584273245,233.98679898404433,-0.09489253493320422,0.7876578906784304
4.04,2.1124606289274803,3.0229353472611225,37.869043201788,237.49215592737013,-0.09574279800601039,0.7869774322663681
4.05,2.0146838944269416,2.912849535021404,38.06472338676234,241.0411655048139,-0.09661111852475848,0.7862972305940624
4.06,1.920433848164488,2.804477429013612,38.261635403992216,244.6342615267103,-0.09749781654479249,0.785617286282088
4.07,1.8298082870196775,2.697892561074901,38.459770148818464,248.27188102872685,-0.09840321752832004,0.7849375999411904
4.08,1.7429008518656426,2.593161606538003,38.659122777059785,251.9544642878099,-0.0993277076448399,0.7842581721722879
4.09,1.6598053479814763,2.4903562471856646,38.85968117665044,255.6824548381732,-0.10027150935350977,0.7835790035664705
4.1,1.5806129364755828,2.3895459504490724,39.06143295658119,259.45629948732227,-0.10123503023943403,0.782900094705
4.109999999999999,1.505414097747163,2.290799546457975,39.26437032518128,263.2764483321201,-0.10221848045166351,0.7822214461593104
4.12,1.4342972624519752,2.19418641335659,39.46847983933096,267.1433547748919,-0.10322218786058403,0.7815430584910078
4.13,1.3673498845265168,2.0997755689856485,39.67374838103469,271.05747553956763,-0.10424639111241178,0.7808649322518706
4.14,1.3046552977508141,2.007633955414997,39.88016501703904,275.019270687867,-0.10529141485768101,0.780187067983848
4.1499999999999995,1.246297965829242,1.9178291649714894,40.08771339360291,279.02920363552096,-0.10635745932478251,0.7795094662190626
4.16,1.1923570480345524,1.830429121949669,40.29637849741351,283.0877411685339,-0.10744477950948667,0.7788321274798079
4.17,1.1429121480844693,1.7454986166974205,40.50614517896053,287.19535345948344,-0.10855357173817003,0.7781550522785504
4.18,1.0980393267257127,1.6631052333357264,40.71699904448047,291.3525140838633,-0.10968410002995398,0.7774782411179281
4.1899999999999995,1.0578120052362299,1.5833120405856358,40.92892132327819,295.5597000364612,-0.11083650084662433,0.7768016944907504
4.2,1.0223024194699135,1.5061838822228868,41.14189598236415,299.81739174777914,-0.11201099385287766,0.77612541288
4.21,0.9915782064487972,1.4317840951432472,41.35590413172522,304.12607310049015,-0.11320767236195264,0.7754493967588304
4.22,0.9657065331977343,1.3601748808439091,41.570927126202555,308.48623144593836,-0.11442680381335169,0.7747736465905681
4.2299999999999995,0.9447510884770354,1.2914186931522686,41.786946679482526,312.8983576206747,-0.11566848505905523,0.7740981628287105
4.24,0.9287713348882533,1.2255741478937152,42.00393971100548,317.3629459630338,-0.11693274820205803,0.773422945916928
4.25,0.9178264488170408,1.1627019552701876,42.221889290758604,321.8804943297486,-0.11821979299528722,0.7727479962890624
4.26,0.9119696752063557,1.1028601032669252,42.44077467086886,326.45150411260755,-0.11952966314290826,0.772073314369128
4.27,0.9112534683906747,1.0461061674447933,42.660570701695846,331.07648025514743,-0.12086248885426794,0.7713989005713104
4.28,0.9157262113472192,0.9924949605501179,42.88126099758905,335.75593126938804,-0.12221828732722274,0.7707247552999679
4.29,0.9254330756645758,0.9420829716492395,43.102817882906145,340.49036925260356,-0.12359708333107854,0.7700508789496305
4.3,0.9404165302612362,0.8949229949203427,43.32521905161909,345.28030990413737,-0.12499886188834632,0.7693772719049999
4.31,0.9607147748168453,0.8510660153031979,43.54844556031979,350.12627254225214,-0.12642375314096477,0.7687039345409507
4.32,0.9863635502062886,0.8105652009017915,43.77246711565325,355.02878012102184,-0.12787159808670012,0.768030867222528
4.33,1.0173933654281104,0.773467802678458,43.997266942589775,359.98835924726035,-0.12934245626036028,0.7673580703049505
4.34,1.0538342133625795,0.7398224988603487,44.22281704422878,365.00554019749364,-0.13083624198363225,0.7666855441336079
4.35,1.0957092837130158,0.7096761262249934,44.44909023594341,370.0808569349672,-0.13235289296157474,0.7660132890440624
4.36,1.143040668871186,0.6830724887123482,44.676065464219135,375.21484712669513,-0.1338923429724592,0.765341305362048
4.37,1.195844642854215,0.6600556672160857,44.903716367938,380.4080521605464,-0.1354544620194015,0.7646695934034704
4.38,1.254135870503842,0.64066664382474,45.13201589082323,385.6610171623741,-0.1370390968693906,0.763998153474408
4.39,1.3179239343804763,0.6249454620973964,45.3609406356291,390.9742910131802,-0.13864624824003405,0.7633269858711105
4.3999999999999995,1.3872149431812018,0.6129301456993499,45.590464682166576,396.34842636632186,-0.14027559045753393,0.7626560908800001
4.41,1.4620106690765695,0.6046572294994251,45.82056071426735,401.7839796647566,-0.14192701597988963,0.7619854687776705
4.42,1.5423109314645849,0.6001607046795934,46.0512012805871,407.28151115832475,-0.1436003860293903,0.761315119830888
4.43,1.6281097451600555,0.599473797237146,46.28236092781447,412.84158492107616,-0.14529539608782194,0.7606450442965905
4.4399999999999995,1.7193972107593605,0.6026269608738123,46.51401685786164,418.46476886863115,-0.1470119405531111,0.759975242421888
4.45,1.8161607135150573,0.6096488739441616,46.74613971819694,424.15163477558383,-0.14874967049690135,0.7593057144440625
4.46,1.918383959476338,0.6205664894603056,46.97870169652492,429.9027582929416,-0.1505083619045458,0.7586364605905678
4.47,2.0260459611955977,0.6354054360402122,47.211682628122745,435.71871896560936,-0.15228771422875734,0.7579674810790307
4.4799999999999995,2.1391209425498943,0.6541873240807445,47.44504643754344,441.6001002499076,-0.15408749419046092,0.7572987761172478
4.49,2.2575829290136626,0.6769337510780234,47.6787768824556,447.5474895311331,-0.155907330774783,0.7566303459031903
4.5,2.38139706853198,0.7036635414547024,47.91284203297619,453.5614781411558,-0.15774690778439612,0.755962190625
4.51,2.510526280787814,0.7343923625342358,48.14721791177632,459.64266137606023,-0.15960591276590796,0.7552943104609905
4.52,2.644933157274758,0.7691357053255478,48.38187987855772,465.791638513821,-0.16148397070860612,0.754626705579648
4.53,2.7845740126715333,0.8079059832263433,48.61679845188728,472.00901283202063,-0.16338070045733954,0.7539593761396303
4.54,2.9293986768837943,0.8507121592267491,48.85195151747426,478.295391625604,-0.16529574790727902,0.7532923222897681
4.55,3.079359308042921,0.8975627205081712,49.087314614342965,484.65138622467674,-0.16722875150953587,0.7526255441690624
4.56,3.234397782493698,0.9484636374399258,49.322861803850856,491.0776120123384,-0.16917917167415664,0.751959041906688
4.57,3.394456170483071,1.0034183505255463,49.55856840012516,497.57468844255754,-0.17114668411728912,0.7512928156219905
4.58,3.559471234419032,1.0624274217773086,49.79441043254736,504.14323905808277,-0.17313082686590986,0.750626865424488
4.59,3.7293798005954355,1.1254912849716143,50.03036381056447,510.7838915083998,-0.1751311141145264,0.7499611914138705
4.6,3.9041122439276945,1.192604861100662,50.26640723186743,517.4972775677206,-0.17714715679417298,0.74929579368
4.61,4.083593119563817,1.2637631222938603,50.50251370029011,524.2840331530167,-0.17917836684583083,0.7486306723029105
4.62,4.2677506311824205,1.3389581375295088,50.73866351024554,531.1447983420873,-0.1812244107282139,0.7479658273528078
4.63,4.4564990150664485,1.4181802093108333,50.97483585336237,538.0802173916729,-0.18328468010208865,0.7473012588900705
4.64,4.6497595106550555,1.5014154947082372,51.21100721633438,545.0909387556032,-0.1853587405655179,0.746636966965248
4.6499999999999995,4.847445060372564,1.5886500620098944,51.44715502389834,552.1776151029857,-0.1874460491198359,0.7459729516190624
4.66,5.049468122827606,1.6798661751715072,51.6832601672946,559.3409033364348,-0.18954608447537574,0.745309212882408
4.67,5.255732885917216,1.7750439135754377,51.919303987253805,566.5814646103373,-0.1916583046639419,0.7446457507763504
4.68,5.466145358435853,1.8741626310940003,52.155264643031614,573.899964349162,-0.19378222681146928,0.7439825653121279
4.6899999999999995,5.6806090425204445,1.977196652102336,52.39112736202958,581.2970722658043,-0.19591726013602317,0.7433196564911505
4.7,5.899021811473554,2.084121141718755,52.6268669465257,588.7734623799724,-0.19806289637897728,0.7426570243049999
4.71,6.1212765623097125,2.19490465160933,52.86247033521019,596.3298130366098,-0.20021849604450806,0.7419946687354303
4.72,6.3472714173973745,2.3095182349736083,53.09792000172523,603.9668069243633,-0.20238363934140713,0.741332589754368
4.7299999999999995,6.576894456168399,2.4279265056591255,53.33319927564551,611.6851310940832,-0.20455773957960033,0.7406707873239105
4.74,6.810034543938539,2.5500961672887374,53.56828799989998,619.485476977369,-0.20674009353912431,0.7400092613963279
4.75,7.046576090485746,2.6759855316561936,53.803180282843215,627.3685404051472,-0.20893031249734084,0.7393480119140624
4.76,7.286403466112091,2.8055562000126186,54.03785384444443,635.3350216262976,-0.21112772797855997,0.738687038809728
4.77,7.529397741451858,2.9387664515186986,54.27229362454934,643.3856253263111,-0.2133318151718414,0.7380263420061105
4.78,7.775438615291352,3.0755707543860917,54.50649325193962,651.5210606459917,-0.2155419381179984,0.7373659214161679
4.79,8.024396977166719,3.2159197427248127,54.740436016152444,659.7420412001926,-0.21775763245057567,0.7367057769430305
4.8,8.276155122666271,3.3597675283748454,54.974113231003194,668.049285096599,-0.21997820048572264,0.73604590848
4.81,8.530581502188687,3.5070596354927503,55.207506439290064,676.443514954544,-0.22220321853706598,0.7353863159105505
4.82,8.787549557280999,3.65774335486778,55.440613754194736,684.9254579238673,-0.2244320763617214,0.734726999108328
4.83,9.0469263584054,3.811763378003763,55.67342218283894,693.4958457038084,-0.2266641596043819,0.7340679579371505
4.84,9.308573462745159,3.9690608707589194,55.905923041325345,702.155414561948,-0.22889893405068937,0.7334091922510079
4.85,9.572370386542808,4.129575311300862,56.138107842977014,710.9049053531796,-0.23113581391463822,0.7327507018940626
4.86,9.8381705747,4.293246226560733,56.369967533017345,719.7450635387268,-0.23337433996283385,0.7320924867006481
4.87,10.105837529098425,4.460006231864134,56.60149970631705,728.6766392051926,-0.23561390148510547,0.7314345464952704
4.88,10.375239345319574,4.629792378991914,56.83269275903223,737.7003870836592,-0.2378539980590183,0.7307768810926081
4.89,10.646227361179116,4.80253420039255,57.06354708320545,746.8170665688164,-0.24009398743390659,0.7301194902975104
4.8999999999999995,10.918665209510475,4.978161945637182,57.29405568985405,756.027441738135,-0.2423334119728774,0.729462373905
4.91,11.19241287734638,5.156602960995349,57.52421471886527,765.3322813710793,-0.244571860063413,0.7288055317002705
4.92,11.467326199125033,5.337783933682993,57.75401908597122,774.7323589683529,-0.24680862501091685,0.728148963458688
4.93,11.743258624739527,5.52162759206133,57.98347098898504,784.2284527711956,-0.2490433519399407,0.7274926689457903
4.9399999999999995,12.02006673773029,5.708058128981954,58.212564564065936,793.8213457807085,-0.251275461749996,0.726836647917288
4.95,12.297607047014964,5.896992988850209,58.441302846513295,803.5118257772243,-0.253504494538615,0.7261809001190624
4.96,12.575727903989854,6.088352131302636,58.669684884746395,813.3006853397121,-0.2557299578658643,0.7255254252871678
4.97,12.854288996854752,6.282053301210964,58.89770659289659,823.1887218652299,-0.25795142336826604,0.7248702231478305
4.9799999999999995,13.133139657338265,6.478009628197353,59.125376339592904,833.1767375884076,-0.26016835875939887,0.724215293417448
4.99,13.412134518757327,6.676136976994106,59.35269324241043,843.2655396009749,-0.2623804226240476,0.7235606358025903
5.0,13.691124981313092,6.8763439924143075,59.57965689643204,853.455939871323,-0.26458711325193696,0.72290625
5.01,13.969962886669236,7.078543171507374,59.806274201970446,863.7487552641147,-0.2667880639058755,0.7222521356965905
5.02,14.248497928549867,7.282641842872925,60.03255055286612,874.1448075599245,-0.26898279861241003,0.721598292569448
5.03,14.526582570062839,7.488548820232589,60.25848472437629,884.6449234749238,-0.27117092513176666,0.7209447202858305
5.04,14.804074097218553,7.696167641858446,60.48408876012033,895.2499346806003,-0.27335215247884337,0.7202914185031679
5.05,15.083139303268808,7.896325142420893,60.71714183604941,905.9606778235247,-0.27654837795828685,0.7196383868690623
5.06,15.360687986127136,8.10951339438497,60.94283000147449,916.7779945451488,-0.27875011334962,0.718985625021288
5.07,15.637289097011912,8.324318434572032,61.168226407655936,927.7027315016478,-0.28094443508074635,0.7183331325877904
5.08,15.912798777975121,8.540648110257582,61.39333416589431,938.7357403837966,-0.28313099633129474,0.7176809091866879
5.09,16.18707423574994,8.758411360735257,61.618164695453856,949.8778779368944,-0.28530960546389145,0.7170289544262703
5.1,16.45997069150671,8.977515375049746,61.842729804417964,961.1300059807196,-0.287479833327708,0.716377267905
5.11,16.731344494191262,9.19786463608321,62.06703713339004,972.4929914295304,-0.28964142039635316,0.7157258492115104
5.12,17.00105002419858,9.419364856729453,62.291089968453356,983.9677063120967,-0.291794001418143,0.7150746979246079
5.13,17.26894949464948,9.64191892450505,62.51491211466711,995.5550277917832,-0.29393741497450715,0.7144238136132705
5.14,17.543144642946505,9.87801109275825,62.74525698629371,1007.2558381866625,-0.2962397050208567,0.7137731958366479
5.1499999999999995,17.807348861921437,10.10301616242566,62.968868393134784,1019.0710249896688,-0.29836810505813405,0.7131228441440625
5.16,18.069335022111094,10.328808758716692,63.1922818714191,1031.001480888796,-0.3004865831195539,0.712472758075008
5.17,18.328960231321474,10.555287447194898,63.415514085184704,1043.0481037873262,-0.30259495094387434,0.7118229371591505
5.18,18.586083914670496,10.782355549289772,63.638575487493554,1055.2117968241084,-0.304692939992435,0.711173380916328
5.1899999999999995,18.840572421896855,11.009911448412751,63.86148079634092,1067.4934683938693,-0.3067804841162611,0.7105240888565505
5.2,19.092285910669673,11.237856228755419,64.08424381247914,1079.8940321675639,-0.3088573852596733,0.7098750604799999
5.21,19.341097563647228,11.466089198599768,64.30687739141597,1092.4144071127657,-0.31092339268147495,0.7092262952770304
5.22,19.586864617287755,11.694511499631972,64.5293993251051,1105.0555175141012,-0.3129784529161855,0.708577792728168
5.2299999999999995,19.829456467208217,11.923022735638751,64.75182681870024,1117.8182929937168,-0.31502246204385526,0.7079295523041104
5.24,20.068743530234713,12.151514566292906,64.97416685216562,1130.7036685317898,-0.31705530074775684,0.707281573465728
5.25,20.30459712623339,12.379893634597371,65.19644814318974,1143.7125844870723,-0.31907679809156253,0.7066338556640624
5.26,20.536888229665124,12.608052875587394,65.41867424247584,1156.8459866174849,-0.3210869661382257,0.705986398340328
5.27,20.765483120500406,12.835890528625292,65.6408702251512,1170.1048261007415,-0.3230856822801636,0.7053392009259105
5.28,20.99026853433912,13.063306490307287,65.86305384238399,1183.4900595550166,-0.32507290573989184,0.704692262842368
5.29,21.211114401463377,13.29019654155643,66.08524088230678,1197.0026490596456,-0.32704870807680647,0.7040455835014305
5.3,21.42789434748018,13.516457989308464,66.3074418250155,1210.6435621758792,-0.3290129424683855,0.7033991623049999
5.31,21.640492908460622,13.741989876007867,66.52968338553552,1224.4137719676608,-0.3309657126983011,0.7027529986451505
5.32,21.84879385049084,13.966691362536162,66.75198196857714,1238.3142570224547,-0.33290693057830395,0.7021070919041279
5.33,22.052672305829454,14.190455944571948,66.97435298931333,1252.3460014721031,-0.33483674750171205,0.7014614414543505
5.34,22.25202710770938,14.413185545824165,67.19682140258503,1266.5099950137364,-0.3367551226716945,0.7008160466584079
5.35,22.44939726402344,14.642802959442935,67.41950659411887,1280.8072329307092,-0.33875449965743015,0.7001709068690624
5.36,22.63942344449762,14.863513143466252,67.64224313437921,1295.2387161135848,-0.34065478716251524,0.699526021429248
5.37,22.824596238627425,15.082901556565535,67.86513630212305,1309.805451081151,-0.34254411542223284,0.6988813896720704
5.38,23.004793810829103,15.300857597245761,68.088198034116,1324.508450001486,-0.34442256129279447,0.698237010920808
5.39,23.179913026330006,15.51728835480681,68.31145125221863,1339.3487307130529,-0.34629029322318766,0.6975928844889104
5.3999999999999995,23.349860090360792,15.73209242069887,68.53491862969283,1354.32731674584,-0.348147466428847,0.6969490096800001
5.41,23.514526664491218,15.945168972968187,68.75861529503547,1369.44523734254,-0.34999421688470755,0.6963053857878705
5.42,23.673821801921452,16.156420337247166,68.98256535273154,1384.70352747976,-0.35183071691424944,0.695662012096488
5.43,23.827644027237877,16.36575121927119,69.20678407957125,1400.1032278892876,-0.3536571773589596,0.6950188878799906
5.4399999999999995,23.975906072659622,16.573059138030054,69.4312955356956,1415.645385079381,-0.3554738407309629,0.694376012402688
5.45,24.11851654072168,16.77825388926405,69.65611845814477,1431.331051356106,-0.35728086729477987,0.6937333849190624
5.46,24.255384821868734,16.98123645040139,69.88127207142661,1447.1612848447055,-0.3590785181285697,0.6930910046737678
5.47,24.386430844469132,17.18191175205871,70.10677653740453,1463.1371495110213,-0.36086702868724735,0.6924488709016305
5.4799999999999995,24.511564786405227,17.38018447655481,70.3326513083085,1479.2597151829416,-0.3626466877829793,0.6918069828276479
5.49,24.6307229161718,17.57596266537678,70.55892007087503,1495.5300575718957,-0.3644178008961778,0.6911653396669905
5.5,24.743817176058663,17.769159093633792,70.7856009373054,1511.949258294381,-0.3661805177837289,0.6905239406249999
5.51,24.8507694285776,17.959676528833167,71.01270933605853,1528.5184048935414,-0.3679353271857714,0.6898827848971905
5.52,24.95151871446236,18.147426073084297,71.24027164599444,1545.2385908607728,-0.36968248223771144,0.689241871669248
5.53,25.04600108819848,18.332316740676895,71.46830509106803,1562.110915657375,-0.3714222713425323,0.6886012001170303
5.54,25.13414455000394,18.5142617853514,71.69682795247134,1579.1364847362356,-0.37315504778808334,0.687960769406568
5.55,25.21588840731518,18.69317639756936,71.9258598964562,1596.316409563566,-0.3748812315330482,0.6873205786940624
5.56,25.291172896697628,18.86897091211675,72.15541926225552,1613.6518076406637,-0.37660108444883256,0.686680627125888
5.57,25.35995206671558,19.04156728958989,72.3855285596237,1631.1438025257232,-0.3783151156392497,0.6860409138385904
5.58,25.42217330208282,19.210878660931733,72.61620604751256,1648.7935238556747,-0.3800236278771252,0.685401437958888
5.59,25.477787872804388,19.376820971910426,72.84746911012522,1666.6021073680795,-0.38172706799850564,0.6847621986036705
5.6,25.526743561068336,19.539318320044703,73.0793353087133,1684.5706949230487,-0.38342584006941877,0.68412319488
5.61,25.56900911943746,19.698285704837808,73.31182303342133,1702.700434525211,-0.3851203315142547,0.6834844258851106
5.62,25.60454252096946,19.853656046552505,73.54495129070543,1720.9924803457097,-0.3868111139753797,0.6828458907064079
5.63,25.633312720678113,20.005339307978268,73.77873788188032,1739.4479927442544,-0.38849850643441564,0.6822075884214704
5.64,25.655297813835745,20.153273901457542,74.01319974866844,1758.0681382911987,-0.3901829588023513,0.6815695180980479
5.6499999999999995,25.670452305452912,20.297379829076583,74.24835303828736,1776.8540897896614,-0.3918650072554475,0.6809316787940626
5.66,25.678780224922377,20.437588721454702,74.48421893140913,1795.8070262976903,-0.3935451123217822,0.680294069557608
5.67,25.68024360766676,20.573827622151082,74.72080861407318,1814.9281331504549,-0.39522373323594107,0.6796566894269505
5.68,25.674838161394263,20.706032888474734,74.95814144344408,1834.2186019824971,-0.396901464140803,0.6790195374305279
5.6899999999999995,25.662548664482603,20.83414177826095,75.1962306641845,1853.679630750003,-0.39857867508904593,0.6783826125869504
5.7,25.643374158148223,20.958082908579204,75.43509353124661,1873.3124237531233,-0.4002559248758974,0.6777459139049999
5.71,25.617311650036598,21.077796009616815,75.67474498765054,1893.1181916583257,-0.4019338083346076,0.6771094403836304
5.72,25.58436124880552,21.19321919677041,75.91519791720876,1913.0981515208007,-0.4036127330631485,0.676473191011968
5.7299999999999995,25.5445267196364,21.30429792475995,76.15646496993764,1933.2535268068923,-0.4052933460719431,0.6758371647693104
5.74,25.497831654911554,21.41097741364197,76.3985675381889,1953.5855474165762,-0.40697607035826516,0.6752013606251279
5.75,25.44427324436876,21.5131950357287,76.64151018644472,1974.0954497059665,-0.40866153977931846,0.6745657775390624
5.76,25.38388889692027,21.61090577806877,76.88531008387835,1994.784476509883,-0.410350281934646,0.6739304144609279
5.77,25.316694484804017,21.704055789417875,77.1299792084343,2015.6538771644355,-0.41204285034452437,0.6732952703307105
5.78,25.24271076081382,21.792594519979495,77.37552464692604,2036.7049075296613,-0.4137398371585792,0.6726603440785678
5.79,25.16198876906572,21.87648246338351,77.62196706234928,2057.9388300121896,-0.4154417668350598,0.6720256346248306
5.8,25.07455101548025,21.95567082384892,77.86930953325277,2079.3569135879643,-0.41714920646727577,0.67139114088
5.81,24.980444505922463,22.03011788730367,78.11756394739649,2100.9604338249865,-0.4188627490454415,0.6707568617447506
5.82,24.879715503122462,22.099788456168096,78.36674228956427,2122.7506729061106,-0.4205830163080244,0.670122796109928
5.83,24.77240958418019,22.164636783610234,78.61684886765433,2144.7289196518627,-0.42231051522858276,0.6694889428565505
5.84,24.658598401876695,22.224635714966595,78.86789819786591,2166.8964695433256,-0.424045932955603,0.668855300855808
5.85,24.538324800740224,22.27975174605355,79.11989319631896,2189.254624745033,-0.42578965055793383,0.6682218689690623
5.86,24.411665851941503,22.329951276973755,79.37284628664737,2211.804694127928,-0.4275424168755318,0.667588646047848
5.87,24.278686184833674,22.37521161134253,79.62675986931647,2234.547993292336,-0.4293047800188324,0.6669556309338704
5.88,24.13945299901793,22.415496030472145,79.8816388111872,2257.485844591005,-0.4310773665635917,0.6663228224590081
5.89,23.99406067128616,22.450795524104933,80.13749593337289,2280.6195771521648,-0.43286066954762936,0.6656902194453104
5.8999999999999995,23.842581219560774,22.481082615500657,80.39433177859672,2303.9505269026304,-0.43465522366135123,0.665057820705
5.91,23.685103341177378,22.50634139456049,80.65214669390544,2327.4800365909505,-0.4364618342718002,0.6644256250404704
5.92,23.521727244605742,22.526553813863362,80.91095453647192,2351.209455810582,-0.43828091723244067,0.6637936312442879
5.93,23.35254356297435,22.5417081075701,81.17074874501014,2375.1401410231256,-0.44011302528974605,0.6631618380991905
5.9399999999999995,23.177655200854616,22.551794247842903,81.43153527493355,2399.2734555815778,-0.44195877423772373,0.6625302443780879
5.95,22.997170855879308,22.556802930736023,81.69331552068186,2423.6107697536386,-0.44381876635712886,0.6618988488440625
5.96,22.811199093275945,22.55673045245266,81.95609289707579,2448.153460745043,-0.4456935960500713,0.6612676502503679
5.97,22.619856743552877,22.551576863757845,82.21986662004353,2472.9029127229537,-0.4475836714090638,0.6606366473404305
5.9799999999999995,22.423268073431398,22.54133462372573,82.48463637234592,2497.860516839372,-0.4494896703272235,0.660005838847848
5.99,22.221555224398813,22.526016396788354,82.75040075032437,2523.0276712546,-0.4514120454317785,0.6593752234963903
6.0,22.014836526422553,22.505617538404305,83.01715868229783,2548.4057811607327,-0.4533514296826088,0.6587448
6.01,21.803263574733084,22.480155939196237,83.28490975426881,2573.996258805204,-0.4553083365689569,0.6581145670627904
6.02,21.58696338572568,22.449629531361403,83.55364907123004,2599.8005235143582,-0.4572832558265137,0.657484523379048
6.03,21.366073924111088,22.41406718693337,83.8233710206524,2625.82000171707,-0.4592767948677303,0.6568546676332303
6.04,21.140752054482782,22.373472678207857,84.09407817882469,2652.05612696839,-0.4612892771375115,0.656224998499968
6.05,20.911134393803685,22.327874132243107,84.36576098515116,2678.510339973251,-0.4633213200436761,0.6555955146440624
6.06,20.67738705916922,22.277281542354277,84.63841542455566,2705.184088610199,-0.46537351985373765,0.654966214720488
6.07,20.43965893908975,22.221732390943416,84.91203543111229,2732.0788279551634,-0.46744617279926265,0.6543370973743904
6.08,20.198113718874914,22.16124474685765,85.18661029963206,2759.1960203052668,-0.4695397930380234,0.653708161241088
6.09,19.952923458627385,22.09585241957584,85.46214309651774,2786.537135202686,-0.4716548762059766,0.6530794049460704
6.1,19.704250458974762,22.02558448551136,85.7386183815004,2814.103649458538,-0.4737918759264303,0.6524508271049999
6.11,19.45221179890743,21.930175746215177,86.01517982555025,2841.897047176813,-0.47564611028527276,0.6518224263237105
6.12,19.19702701179887,21.849064494190973,86.29344667885155,2869.918819778335,-0.47781600641975663,0.6511942011982079
6.13,18.938886801237057,21.763142163466707,86.57262887401428,2898.170466024786,-0.4800086692692997,0.6505661503146706
6.14,18.677971814385398,21.67244831350831,86.85271347579325,2926.653492042746,-0.48222431859526255,0.6499382722494479
6.15,18.41446895541219,21.5770281120738,87.13369351441929,2955.3694113477827,-0.4844634039403228,0.6493105655690624
6.16,18.14856569118618,21.476921103057986,87.41555435007011,2984.3197448685723,-0.4867262942117242,0.6486830288302079
6.17,17.880447422209528,21.372189151519944,87.69828402168287,3013.5060209710796,-0.48901331511164026,0.6480556605797505
6.18,17.610318640259006,21.262873307138275,87.98187116899057,3042.929775482752,-0.49132472251360204,0.6474284593547279
6.1899999999999995,17.33836754549623,21.14903855416792,88.26630195081178,3072.592551716772,-0.49366075308938706,0.6468014236823505
6.2,17.064794992466627,21.030730291648144,88.55156326882641,3102.495900496339,-0.4960218129486692,0.6461745520800001
6.21,16.78980717613464,20.908018487154582,88.83764711010647,3132.6413801789863,-0.49840814284370005,0.6455478430552305
6.22,16.51358875027738,20.780957347274576,89.12452441705891,3163.03055668096,-0.5008198302495432,0.6449212951057681
6.2299999999999995,16.236366749691783,20.649614736340542,89.41219401482073,3193.6650035016078,-0.5032573393125815,0.6442949067195104
6.24,15.958336879805321,20.514065063457924,89.70063951764973,3224.5463017478314,-0.5057206670034474,0.6436686763745281
6.25,15.679708393297485,20.374368097598282,89.98983701982273,3255.6760401585507,-0.5082100087302794,0.6430426025390624
6.26,15.400688436422152,20.230599931604516,90.27977558266852,3287.055815129246,-0.510725751769888,0.642416683671528
6.27,15.121487100985977,20.082834916051976,90.57043580205877,3318.687230736505,-0.5132678112396764,0.6417909182205105
6.28,14.84232090088734,19.93114756496728,90.86180624385277,3350.5718987626265,-0.5158363518949488,0.641165304624768
6.29,14.563397382649262,19.775627766023955,91.15386460302922,3382.711438720249,-0.5184314659123237,0.6405398413132306
6.3,14.284936784962001,19.61634083101743,91.44659636803344,3415.1074778770453,-0.5210533983289223,0.6399145267049999
6.31,14.007147199891294,19.45338499907512,91.73998159175959,3447.761651280427,-0.5237018842500678,0.6392893592093506
6.32,13.730239304705236,19.286833965855482,92.03400157408039,3480.6756017823095,-0.5263773516295592,0.6386643372257279
6.33,13.45443395382249,19.116788121560486,92.32864045716144,3513.850980063893,-0.5290795821016981,0.6380394591437505
6.34,13.179948138549179,18.943331751686635,92.62388063574559,3547.2894446605187,-0.5318085733244355,0.6374147233432079
6.35,12.906987019790868,18.766555835044493,92.91969927406886,3580.9926619865273,-0.5345643798558516,0.6367901281940626
6.36,12.635766012850887,18.586560277595325,93.21607647706338,3614.962306360182,-0.537346981245252,0.6361656720564479
6.37,12.366506299228426,18.40343399281375,93.51299993713057,3649.2000600286087,-0.5401561801915397,0.6355413532806704
6.38,12.099412385141807,18.21728435691599,93.81044633324913,3683.707613192808,-0.5429919707273066,0.6349171702072081
6.39,11.834693680671634,18.028202244927325,94.10839374637041,3718.48666403267,-0.5458542332061317,0.6342931211667104
6.4,11.572572947585018,17.836302162697564,94.40683014760758,3753.538918732059,-0.5487429098695443,0.6336692044800001
6.41,11.313245868678163,17.64167914197676,94.70572720001735,3788.866091503903,-0.5516576581804152,0.6330454184580705
6.42,11.05692022186448,17.44444207327012,95.00506845223555,3824.4699046153714,-0.5545984584322395,0.632421761402088
6.43,10.803812485184771,17.24469765793653,95.30483552920548,3860.3520884130435,-0.5575650757882378,0.6317982316033904
6.4399999999999995,10.554123326964069,17.04255604140759,95.60500928051643,3896.514381348145,-0.5605573545174453,0.631174827343488
6.45,10.308040623805127,16.838125982387947,95.90556443424316,3932.958530001816,-0.5635749397663855,0.6305515468940626
6.46,10.065784435677049,16.63152413023034,96.20649239911205,3969.6862891104083,-0.5666175410956782,0.629928388516968
6.47,9.827535481839888,16.422863776734324,96.50776172672889,4006.699421590848,-0.5696849739504233,0.6293053504642305
6.4799999999999995,9.59349961656959,16.2122530885572,96.80936081637743,4043.9996985660114,-0.5727769598509296,0.628682430978048
6.49,9.363858650975954,15.999816887181307,97.11126817329702,4081.5888993901535,-0.5758930511385755,0.6280596282907905
6.5,9.138806745702356,15.78567186412965,97.413460623063,4119.468811674361,-0.5790330333551295,0.627436940625
6.51,8.880452400023312,15.44666078154287,97.7464186641445,4157.641231312076,-0.5839193753932738,0.6268143661933905
6.52,8.664526315593227,15.225223285827267,98.05023963614902,4196.107962504625,-0.587174156048806,0.626191903198848
6.53,8.453759211435443,15.002331114530563,98.35432889396498,4234.870817786809,-0.5904540652612353,0.6255695498344304
6.54,8.248330626753956,14.778101147447241,98.65866604221009,4273.93161805251,-0.593758653898001,0.6249473042833681
6.55,8.048411960779356,14.552666053296745,98.963232295379,4313.292192580374,-0.5970877260442565,0.6243251647190624
6.56,7.854173722680077,14.326138995083163,99.26801364285765,4352.954379059496,-0.6004406545782083,0.6237031293050881
6.57,7.665782999781938,14.09865014829865,99.5729941247355,4392.920023615169,-0.6038172843360187,0.6230811961951904
6.58,7.483400659836704,13.870317406665764,99.87815299627943,4433.190980834648,-0.6072170428353035,0.6224593635332879
6.59,7.310155622893014,13.640115874627257,100.1841314514621,4473.769113792987,-0.6108629020173301,0.6218376294534704
6.6,7.14043731907245,13.410652261307881,100.48970158442228,4514.656294078887,-0.6143205541829496,0.62121599208
6.61,6.977198378083948,13.18075034538446,100.79540944737931,4555.854401820598,-0.6178007248118136,0.6205944495273105
6.62,6.820583469743447,12.950533556355563,101.10124703194863,4597.365325711837,-0.621302905790202,0.6199729999000078
6.63,6.670731095609942,12.720131825730608,101.40719678158112,4639.190963037793,-0.6248267627404123,0.6193516412928705
6.64,6.527774055248827,12.489675408941002,101.71324144057586,4681.333219701122,-0.6283716502589264,0.6187303717908479
6.65,6.391850305041522,12.259292899216058,102.01937535333278,4723.794010248012,-0.6319372246653725,0.6181091894690625
6.66,6.263077922063272,12.029116969791358,102.32558065258586,4766.575257894256,-0.6355228976625562,0.617488092392808
6.67,6.141576355351923,11.799276161323293,102.63184552471307,4809.6788945514145,-0.639128251757017,0.6168670786175504
6.68,6.027469051057935,11.569900402935525,102.93816178879202,4853.106860852969,-0.642752717288663,0.6162461461889279
6.6899999999999995,5.92085380024849,11.341120522602687,103.24451314074383,4896.861106180536,-0.6463957636502583,0.6156252931427504
6.7,5.821840355863219,11.113067718035115,103.55089232015327,4940.943588690127,-0.6500569138291288,0.615004517505
6.71,5.730526789661325,10.88587495709624,103.85728906326027,4985.3562753384185,-0.6537355741508084,0.6143838172918303
6.72,5.647005822198876,10.659667366275853,104.16369327095012,5030.1011419091055,-0.6574312414794528,0.613763190509568
6.7299999999999995,5.571363576562849,10.43458309139141,104.47009310397758,5075.180173039257,-0.6611433161304103,0.6131426351547105
6.74,5.503676759418972,10.210742946130487,104.7764862590747,5120.595362245729,-0.664871290400936,0.6125221492139279
6.75,5.444029477463606,9.988282100199086,105.08285850857578,5166.348711951603,-0.6686145667376927,0.6119017306640625
6.76,5.3924825276766715,9.767324420992209,105.38920497129327,5212.442233512685,-0.6723726401421404,0.611281377472128
6.77,5.349104108662819,9.548001192614295,105.69552126279054,5258.877947244027,-0.6761448272659635,0.6106610875953106
6.78,5.313951379528349,9.33044512995989,106.00180107615111,5305.657882446496,-0.6799306843824013,0.6100408589809678
6.79,5.287071282299986,9.114777190806024,106.30803262200445,5352.784077433362,-0.6837295814616946,0.6094206895666305
6.8,5.268514725535585,8.901122671481312,106.61422146391128,5400.258579556967,-0.6875408788638586,0.6088005772799999
6.81,5.258315852288051,8.689608184976287,106.92035128877406,5448.083445235393,-0.6913640588124079,0.6081805200389506
6.82,5.256509632471034,8.48036049722346,107.22643017215819,5496.260739979195,-0.6951984644497166,0.607560515751528
6.83,5.263122410230873,8.273500245281431,107.5324502547558,5544.792538418141,-0.6990436611665005,0.6069405623159505
6.84,5.278173216672184,8.06915534189098,107.8384044888483,5593.680924328045,-0.7028989411929423,0.6063206576206079
6.85,5.301679789520802,7.867439533052681,108.1442948297164,5642.927990657585,-0.7067637776856804,0.6057007995440624
6.86,5.333646496725273,7.6684764196962565,108.45012247928531,5692.535839555197,-0.7106376619501091,0.605080985955048
6.87,5.374076756347408,7.472382655598764,108.75588914480417,5742.506582395974,-0.7145198147163841,0.6044612147124704
6.88,5.422963657308587,7.279276939544588,109.06158740711902,5792.8423398086525,-0.7184099335114678,0.603841483665408
6.89,5.480299296726501,7.089279432016242,109.36721821921334,5843.545241702592,-0.7223071908799611,0.6032217906531104
6.9,5.546065240631687,6.902496928648137,109.67279014693769,5894.617427294823,-0.7262111872248043,0.602602133505
6.91,5.620235488563658,6.719045289313815,109.97830305279481,5946.061045137101,-0.7301213828261018,0.6019825100406705
6.92,5.702784813573357,6.5390340598752585,110.28375484734255,5997.878253143059,-0.734037176663584,0.601362918069888
6.93,5.793672875825673,6.362573914542141,110.58915595009597,6050.071218615335,-0.7379579425183951,0.6007433553925905
6.9399999999999995,5.892864330695145,6.189772466615576,110.89450115106898,6102.642118272778,-0.7418833133316934,0.6001238197988881
6.95,6.0003048229717715,6.020732638102948,111.19980125075782,6155.593138277682,-0.745812609411142,0.5995043090690624
6.96,6.115938497145661,5.85556044342687,111.50505941206036,6208.926474263046,-0.7497454580121502,0.5988848209735679
6.97,6.23971021290082,5.694355062143267,111.81028132966647,6262.644331359908,-0.7536811389908348,0.5982653532730305
6.9799999999999995,6.371552510584932,5.537218138577717,112.11547548502196,6316.7489242246875,-0.7576193600496854,0.5976459037182479
6.99,6.511387115397244,5.384243598589898,112.42064605869083,6371.2424770665775,-0.7615594446498523,0.5970264700501905
7.0,6.659139782565714,5.235529968764054,112.72579756222495,6426.127223674962,-0.7655011264533439,0.59640705
7.01,6.814728351058107,5.091163057073344,113.03094159660913,6481.405407446911,-0.7694438397522527,0.5957876412889904
7.02,6.978056601046675,4.951241507536509,113.33608773946492,6537.0792814146735,-0.7733868888291734,0.5951682416286479
7.03,7.1490302476355065,4.8158466447813755,113.64124156347884,6593.151108273234,-0.777330200632532,0.5945488487206304
7.04,7.3275477152166095,4.685066430995343,113.94641369962163,6649.623160407883,-0.7812731345913662,0.593929460256768
7.05,7.51349884768414,4.558979771598915,114.25161463379706,6706.497719921871,-0.7852153080982828,0.5933100739190624
7.06,7.706776039719963,4.437671776409479,114.55685324860309,6763.777078664059,-0.7891563248685864,0.5926906873796881
7.07,7.907252265031983,4.32121604094861,114.86214567454566,6821.463538256634,-0.7930957680729184,0.5920712983009905
7.08,8.114806621650738,4.2096863012481816,115.1674901439216,6879.559410122827,-0.7970332514195433,0.591451904335488
7.09,8.329308492966984,4.103156746408706,115.47291695808798,6938.067015514741,-0.800968406672276,0.5908325031258705
7.1,8.550618974139695,4.0016948618983115,115.7784246700547,6996.988685541143,-0.8049008529753597,0.590213092305
7.11,8.778604251559113,3.9053646855876214,116.08402724411968,7056.326761195344,-0.8088303457904087,0.5895936694959105
7.12,9.01310932222485,3.814231012887157,116.38974211524344,7116.08359338308,-0.8127564622649912,0.588974232311808
7.13,9.253988596228467,3.728352313963416,116.69557881233904,7176.261542950483,-0.8166789637250731,0.5883547783560704
7.14,9.501081080207229,3.647786843424112,117.00155686670745,7236.862980712045,-0.8205974601584171,0.5877353052222479
7.15,9.75422922648087,3.5725859129562805,117.30768180912617,7297.8902874786445,-0.8245118315551211,0.5871158104940624
7.16,10.013264747889567,3.502800535463481,117.6139744929379,7359.34585408559,-0.8284217329652349,0.586496291745408
7.17,10.278017303382587,3.438478967872839,117.9204482186497,7421.232081420748,-0.8323268389292724,0.5858767465403505
7.18,10.548307075769777,3.379662841560465,118.22712093209114,7483.551380452661,-0.8362270757427606,0.5852571724331279
7.1899999999999995,10.823957788641582,3.3263963497931726,118.53399919163189,7546.306172258734,-0.8401221338610925,0.5846375669681505
7.2,11.104784959651369,3.278711631307493,118.84110682282633,7609.49888805345,-0.8440118645819219,0.5840179276800002
7.21,11.390592880528322,3.236647099214222,119.14845746252473,7673.131969216616,-0.8478961048473063,0.5833982520934304
7.22,11.681195109402234,3.200229760011389,119.456066072015,7737.207867321677,-0.8517746517157773,0.5827785377233681
7.2299999999999995,11.97639222618298,3.1694897918468747,119.76394731669667,7801.729044164044,-0.8556473949511412,0.5821587820749103
7.24,12.275976134737649,3.144448082389051,120.07212179204227,7866.697971789471,-0.8595142657339625,0.5815389826433279
7.25,12.579751928560187,3.1251258290848565,120.38060604827824,7932.117132522449,-0.8633749929869554,0.5809191369140625
7.26,12.887498473891208,3.1115380448032957,120.68941022541534,7997.98901899469,-0.8672297308205812,0.580299242362728
7.27,13.199010870205022,3.1037012839664233,120.99856262580934,8064.3161341736,-0.8710781831874851,0.5796792964551106
7.28,13.51406961612743,3.1016224012154305,121.30806963428459,8131.100991390831,-0.8749204009248184,0.5790592966471679
7.29,13.832449094729032,3.105305419528421,121.61795290032478,8198.346114370806,-0.8787565008599876,0.5784392403850305
7.3,14.153936247380068,3.11475643639203,121.92822943478447,8266.05403725939,-0.8825861723453312,0.577819125105
7.31,14.47829592202853,3.1299734899862544,122.2389164877959,8334.227304652497,-0.8864096092368494,0.5771989482335504
7.32,14.805305085757498,3.1509507097204144,122.55002940148631,8402.868471624808,-0.8902267986098256,0.5765787071873278
7.33,15.134728741486798,3.1776802121198857,122.86158539984235,8471.980103758457,-0.8940377570612263,0.5759583993731504
7.34,15.466327804188259,3.2101491407045266,123.17360959100337,8541.564777171852,-0.8978425623632058,0.5753380221880079
7.35,15.799869358269278,3.248341196675867,123.48610713169175,8611.62507854845,-0.9016412473941974,0.5747175730190626
7.36,16.135113800659116,3.292239481452987,123.79910363563384,8682.16360516561,-0.9054339068387512,0.574097049243648
7.37,16.471816654510636,3.3418201594755077,124.11261080086857,8753.18296492347,-0.9092206819502825,0.5734764482292704
7.38,16.809736655896273,3.397057383831077,124.42665267674856,8824.685776373895,-0.9130016593961178,0.572855767333608
7.39,17.14862405822641,3.45792040704973,124.74123577647214,8896.67466874942,-0.9167769552838888,0.5722350039045104
7.4,17.48823543028937,3.524375717375889,125.05638718022176,8969.152281992276,-0.9205468007581661,0.5716141552799999
7.41,17.828320826924767,3.596387303502444,125.37211607017957,9042.12126678339,-0.9243112584198255,0.5709932187882705
7.42,18.16862718422236,3.6739146032088783,125.68844063366531,9115.584284571521,-0.9280706197661034,0.570372191747688
7.43,18.50890120910474,3.7569122032287634,126.00538040696388,9189.544007602351,-0.9318250564362817,0.5697510714667906
7.4399999999999995,18.848899339683584,3.8453349175950793,126.32294208701755,9264.003118947654,-0.9355746137036691,0.569129855244288
7.45,19.18835840944425,3.9391303697341216,126.64115291582439,9338.9643125345,-0.9393197554197016,0.5685085403690625
7.46,19.52702796204981,4.038245213993452,126.96002404739609,9414.430293174462,-0.9430605423021206,0.5678871241201678
7.47,19.864656709606248,4.142622722714909,127.27956516379248,9490.403776592959,-0.9467972760176016,0.5672656037668306
7.4799999999999995,20.200989305309527,4.252201718839372,127.59979756199084,9566.887489458517,-0.9505301820054691,0.5666439765684479
7.49,20.535764045349637,4.366916554374887,127.92073023991384,9643.884169412166,-0.9542596022707338,0.5660222397745904
7.5,20.86873806111085,4.486703063281699,128.24237830031404,9721.39656509679,-0.9579857287123924,0.5654003906249999
7.51,21.19965502918797,4.611490766615418,128.56476136567227,9799.427436186617,-0.9617088729338408,0.5647784263495905
7.52,21.52825249748247,4.741204461419916,128.88788251757734,9877.979553416666,-0.9654294054797092,0.564156344168448
7.53,21.854283489214296,4.8757708476102755,129.21176345721923,9957.05569861227,-0.969147623228107,0.5635341412918304
7.54,22.177509106536824,5.015108481146341,129.53641212061888,10036.65866471861,-0.9728637320213708,0.5629118149201681
7.55,22.49765623064622,5.159135167388891,129.8618420173592,10116.791255830343,-0.9765781059726016,0.5622893622440625
7.56,22.814497561193516,5.307770690239702,130.18805987979277,10197.45628722121,-0.9802909659062465,0.5616667804442881
7.57,23.12777466297118,5.460923280146064,130.51507889002568,10278.656585373727,-0.9840028577800503,0.5610440666917904
7.58,23.437253217788317,5.61850565331642,130.84291140703263,10360.394988008864,-0.9877139313000275,0.560421218147688
7.59,23.74267434237581,5.780422126983564,131.17156395667922,10442.674344115838,-0.9914246591401522,0.5597982319632705
7.6,24.04381326279076,5.946584349666363,131.50104353753454,10525.49751398188,-0.9951352894326401,0.55917510528
7.61,24.340428236162822,6.116889602188863,131.8313676771701,10608.867369222067,-0.9988461317430533,0.5585518352295106
7.62,24.632280652383198,6.291240919111935,132.1625308289936,10692.786792809182,-1.002557604246944,0.557928418933608
7.63,24.919145284721747,6.469536154315236,132.49455269510523,10777.258679103647,-1.0062699820568313,0.5573048535042704
7.64,25.20079366454257,6.651675066223967,132.8274366830727,10862.285933883448,-1.0099836175797514,0.5566811360436478
7.65,25.477003206101983,6.8375485316863385,133.1611853293443,10947.871474374142,-1.0136988152787247,0.5560572636440625
7.66,25.747543077032365,7.027050307857702,133.49579707660197,11034.01822927885,-1.0174159757207866,0.5554332333880079
7.67,26.143539307893693,7.726169713000722,133.77236855993587,11120.729138808361,-1.0180918089559992,0.5548090423481504
7.68,26.403697140399892,7.940984060990201,134.1075782070387,11208.007154711222,-1.0217661215307492,0.554184687587328
7.6899999999999995,26.65746687401784,8.159506334027194,134.44369547968878,11295.85524030387,-1.0254458392282373,0.5535601661585504
7.7,26.904635638367328,8.381621604015592,134.78071953525787,11384.276370500842,-1.0291314632743078,0.5529354751049999
7.71,27.144993329449008,8.607205016144201,135.1186551341391,11473.273531844956,-1.0328234688408058,0.5523106114600305
7.72,27.37835041626344,8.836144960558597,135.45751169546705,11562.849722537623,-1.0365225340189987,0.5516855722471681
7.7299999999999995,27.60450163903844,9.06831344011169,135.79729492859158,11653.007952469121,-1.0402293342996705,0.5510603544801104
7.74,27.823260055431376,9.303594365189205,136.13799790676288,11743.751243248942,-1.0439443189636142,0.550434955162728
7.75,28.03443846861404,9.541851404939996,136.47963270803749,11835.082628236154,-1.0476681769262428,0.5498093712890626
7.76,28.21309989785512,9.733989647272356,136.8158198637577,11927.005152569855,-1.051153103471665,0.5491835998433279
7.77,28.4073640151631,9.974630469050421,137.15891567870028,12019.521873199612,-1.0548837730069986,0.5485576377999105
7.78,28.5934772150268,10.21768359756118,137.50292492789512,12112.63585891596,-1.0586245119029922,0.5479314821233678
7.79,28.771280857552245,10.463006602099531,137.84784315532158,12206.350190380932,-1.0623759376733597,0.5473051297684305
7.8,28.940612869378537,10.710450411016696,138.19367325681517,12300.667960158655,-1.0661386332066223,0.5466785776799999
7.81,29.10134201011169,10.959884071530226,138.54041155634619,12395.592272745951,-1.06991322198734,0.5460518227931506
7.82,29.253300855005033,11.211153271481143,138.88806235569697,12491.126244603018,-1.073700149356526,0.5454248620331279
7.83,29.39637353738474,11.464112590516862,139.23660994094163,12587.273004184064,-1.0775001861786726,0.5447976923153506
7.84,29.53042584967337,11.718615436503326,139.58606051241372,12684.035691968116,-1.0813137567093905,0.5441703105454079
7.85,29.655335913253825,11.97451313322129,139.93641171970887,12781.417460489749,-1.085141426017254,0.5435427136190626
7.86,29.77099820952563,12.231658007366187,140.2876536682609,12879.42147436992,-1.0889838678868369,0.542914898422248
7.87,29.87730695686341,12.489891699437768,140.63978231340272,12978.05091034678,-1.0928416197967608,0.5422868618310703
7.88,29.974157458629247,12.74907191918809,140.9927950073155,13077.308957306626,-1.0967152155587316,0.541658600711808
7.89,30.061478501167873,13.009044188055462,141.34668096669432,13177.198816314789,-1.1006051973080053,0.5410301119209104
7.9,30.139176308834646,13.269651701234302,141.7014409434825,13277.723700646626,-1.1045120716869343,0.540401392305
7.91,30.207177341229457,13.530743595373087,142.0570576232512,13378.886835818497,-1.1084364517366043,0.5397724387008704
7.92,30.265435348032735,13.792163888165582,142.4135319789625,13480.691459618856,-1.112378855576959,0.5391432479354881
7.93,30.313878367940745,14.053758148369756,142.77085047891228,13583.140822139318,-1.1163397480336772,0.5385138168259905
7.94,30.352478283792266,14.315375438435733,143.12900803347742,13686.238185805794,-1.1203197445986128,0.5378841421796879
7.95,30.381187875365605,14.576855567990709,143.48799511552747,13789.986825409627,-1.1243192472728378,0.5372542207940625
7.96,30.399976702289457,14.838040479963482,143.84779814055744,13894.39002813885,-1.1283387543643122,0.536624049456768
7.97,30.408836191746794,15.098786025123854,144.20841432293784,13999.451093609394,-1.1323787596164967,0.5359936249456305
7.9799999999999995,30.40775251951098,15.358929775757673,144.56982821770188,14105.17333389639,-1.136439669776625,0.5353629440286479
7.99,30.396730762907836,15.61832342218852,144.93202929637158,14211.56007356549,-1.140522058903742,0.5347320034639905
8.0,30.375772832640074,15.8768002887908,145.2950096606927,14318.6146497042,-1.1446264154017214,0.5341008
8.01,30.34490533382988,16.134221517942652,145.6587582215372,14426.34041195334,-1.14875292639069,0.5334693303751904
8.02,30.30415417382434,16.39041759649586,146.023256662689,14534.74072253845,-1.1529022625834269,0.5328375913182479
8.03,30.253552012633033,16.64524688317452,146.3884946583733,14643.818956301277,-1.157074603416816,0.5322055795480305
8.04,30.193146874431893,16.898550286349227,146.75446574043534,14753.57850073129,-1.1612705406092112,0.531573291773568
8.05,30.12300898933024,17.150186485099177,147.12115244686348,14864.022755997274,-1.165490353872068,0.5309407246940623
8.06,30.043192215050475,17.39998885606524,147.48854351165892,14975.155134978837,-1.1697343216126297,0.530307874998888
8.07,29.95376826039188,17.64782159087436,147.85662627456858,15086.979063298182,-1.1740029917293273,0.5296747393675905
8.08,29.854839757529415,17.893526437715167,148.2253872995312,15199.497979351689,-1.1782964975248313,0.5290413144698879
8.09,29.7464809064863,18.136956429056184,148.59481375877274,15312.715334341661,-1.1826152051587484,0.5284075969656705
8.1,29.61885067364088,18.329588710211816,148.9609479562284,15426.63459230809,-1.1870605489330341,0.527773583505
8.11,29.491781566593296,18.565975943563018,149.3314977222999,15541.259230160433,-1.1914414867001928,0.5271392707281105
8.12,29.355628763094998,18.799595833403487,149.70266726326832,15656.59273770946,-1.195849336508721,0.5265046552654079
8.13,29.21052966303158,19.030295765838968,150.0744366662991,15772.638617699151,-1.2002843879067673,0.5258697337374703
8.14,29.05663011768309,19.257946276806667,150.44680037884015,15889.400385838519,-1.2047469738781194,0.525234502755048
8.15,28.894074732251344,19.482396272770064,150.81973663224073,16006.881570833695,-1.209237297402946,0.5245989589190624
8.16,28.72302524192264,19.703516954067055,151.19323268107644,16125.085714419834,-1.2137556339481006,0.5239630988206081
8.17,28.54364076641911,19.92116150258391,151.5672767625861,16244.016371393169,-1.2183023425466382,0.5233269190409506
8.18,28.35610596074706,20.135205553135357,151.94185663018797,16363.677109643084,-1.2228776085889368,0.5226904161515279
8.19,28.16060499003498,20.345515022420187,152.31695481004937,16484.071510184218,-1.2274816312270924,0.5220535867139504
8.2,27.95731951608081,20.55195834476283,152.69255960982326,16605.203167188625,-1.232114670525576,0.52141642728
8.209999999999999,27.74647082610266,20.75440729165065,153.0686622620969,16727.075688017954,-1.2367769201411125,0.5207789343916306
8.22,27.52824275659232,20.952733612924153,153.4452413738395,16849.692693255707,-1.2414686062766274,0.5201411045809679
8.23,27.30288134547384,21.146819322335073,153.8222909163322,16973.05781673942,-1.2461898224499222,0.5195029343703106
8.24,27.070584416248746,21.33653917127275,154.1997962279919,17097.174705593083,-1.2509409188620737,0.518864420272128
8.25,26.831588104101005,21.521778503997506,154.57774068607472,17222.047020259433,-1.255721920565467,0.5182255587890624
8.26,26.58613606706896,21.702416038385365,154.9561216407701,17347.67843453233,-1.2605330866587814,0.517586346413928
8.27,26.334473804508406,21.87833802604037,155.33492474232054,17474.0726355892,-1.2653746211889247,0.5169467796297105
8.28,26.076858065505984,22.049443285292682,155.71413573107287,17601.233324023488,-1.27024649319838,0.516306854909568
8.29,25.834531333808528,22.210429881208405,156.07222087362075,17729.164213877186,-1.2733530304211318,0.5156665687168304
8.3,25.566971186088576,22.371504969586773,156.45109480394436,17857.869032673363,-1.2781874744628758,0.5150259175049999
8.31,25.294294709024605,22.52743673660359,156.83029557497318,17987.35152144869,-1.2830475621480948,0.5143848977177503
8.32,25.01679802997101,22.678133047666446,157.209803119581,18117.61543478617,-1.2879331727931922,0.5137435057889279
8.33,24.73474608517877,22.823493584030118,157.58961236606575,18248.66454084773,-1.2928442074413038,0.5131017381425504
8.34,24.448437135006674,22.96341460053834,157.96971779092837,18380.50262140694,-1.2977803693451566,0.5124595911928079
8.35,24.15816631050847,23.09782817039497,158.35009528929103,18513.133471881745,-1.3027417301511697,0.5118170613440625
8.36,23.864226605300566,23.22663867560554,158.73074600608152,18646.56090136725,-1.3077279516738276,0.511174144990848
8.37,23.566928892717698,23.34975165254773,159.11166014939428,18780.788732668534,-1.3127387733504416,0.5105308385178704
8.38,23.266574981612997,23.46709364894311,159.4928235074231,18915.82080233354,-1.3177741773988159,0.5098871383000079
8.39,22.963474833197193,23.578587888390967,159.87422892619276,19051.66096068587,-1.322833802341156,0.5092430407023105
8.4,22.657946918504706,23.684150574763297,160.25587172994827,19188.313071857865,-1.3279174261441273,0.50859854208
8.41,22.35030880565551,23.783714149506576,160.63774379845933,19325.78101382349,-1.3330249797789349,0.5079536387784706
8.42,22.04087330473829,23.877218102506433,161.01983986229214,19464.06867843137,-1.3381559919906891,0.5073083271332879
8.43,21.729969532461002,23.96458483778948,161.40215235174983,19603.179971437843,-1.3433103327045732,0.5066626034701905
8.44,21.417926875766398,24.04576046285135,161.7846803708676,19743.118812540055,-1.3484877323067563,0.5060164641050879
8.45,21.105059950983595,24.12068468884023,162.16741099468226,19883.8891354091,-1.3536879081532616,0.5053699053440626
8.459999999999999,20.79171175410387,24.189306014027956,162.5503477437753,20025.49488772318,-1.358910522226097,0.504722923483368
8.47,20.4782064635636,24.251563607725824,162.9334877931171,20167.940031200847,-1.3641554142983896,0.5040755148094305
8.48,20.164864360967275,24.30742625311939,163.31682270824254,20311.228541634162,-1.3694222421117817,0.5034276755988478
8.49,19.852038569955752,24.356828346603614,163.70035551685405,20455.364408922127,-1.3747107586492326,0.5027794021183905
